Question,"Fall, Year 1","Spring, Year 1","Elective, Year 2",Currently Taking,Not Interested,Finance,Equity Research,Banking,Management,Asset Management,Financial Investments & Markets,Sales & Trading,Strategy,Economics,Operations,Real Estate,Corporate Finance,Accounting,Social Innovation & Impact,Marketing,Brand Management,Product Management,Data Analytics,Business Development,Venture Capital,Investment Management,Markets & Instruments,EMT,Entrepreneurship,Innovation,Leadership & Change Management,Healthcare Administration,IOMS,Investment Banking,Business Analytics,Consulting,Social Enterprise,"What comes to mind when you hear the phrase ""sharing economy""?",Source
Technical basics course,1,,1,,,,,,,,,,,,,,,,,,,,,,,,,,,,,,,,,,,,"mba_feedback_1.pdf, p1"
Does not teach programming,,,,,,,,,,,,,,,,,,,,,,,,,,,,,,,,,,,,,,,"mba_feedback_1.pdf, p1"
Taking a technology product from idea to launch,,,,,,,,,,,,,,,,,,,,,,,,,,,,,,,,,,,,,,,"mba_feedback_1.pdf, p1"
Planned specialization,,,,,,1,,,,,,,1,,,,,,,,,,,,,,,,,,,,,,,,,,"mba_feedback_1.pdf, p1"
Sharing economy,,,,,,,,,,,,,,,,,,,,,,,,,,,,,,,,,,,,,,,"mba_feedback_1.pdf, p1"
Technical basics course,,,1,,,,,,,,,,,,,,,,,,,,,,,,,,,,,,,,,,,,"mba_feedback_1.pdf, p2"
Does not teach programming,,1,,,,,,,,,,,,,,,,,,,,,,,,,,,,,,,,,,,,,"mba_feedback_1.pdf, p2"
Taking a technology product from idea to launch,,,,,1,,,,,,,,,,,,,,,,,,,,,,,,,,,,,,,,,,"mba_feedback_1.pdf, p2"
Planned specialization,,,,,,,,,,,,,,,,,1,1,,,,,,,,,,,,,,,,,,,,,"mba_feedback_1.pdf, p2"
Sharing economy,,,,,,,,,,,,,,,,,,,,,,,,,,,,,,,,,,,,,,Be able to divide economic goods so they can be used by  more people,"mba_feedback_1.pdf, p2"
Technical basics course,,,,,1,,,,,,,,,,,,,,,,,,,,,,,,,,,,,,,,,,"mba_feedback_1.pdf, p3"
Does not teach programming,,,,,1,,,,,,,,,,,,,,,,,,,,,,,,,,,,,,,,,,"mba_feedback_1.pdf, p3"
Taking a technology product from idea to launch,,,1,,,,,,,,,,,,,,,,,,,,,,,,,,,,,,,,,,,,"mba_feedback_1.pdf, p3"
Planned specialization,,,,,,,,,,,,,1,,,,,,,,,,,,,,,,,,,,,,,,,,"mba_feedback_1.pdf, p3"
Sharing economy,,,,,,,,,,,,,,,,,,,,,,,,,,,,,,,,,,,,,,Air BNB,"mba_feedback_1.pdf, p3"
Technical basics course,,,,,1,,,,,,,,,,,,,,,,,,,,,,,,,,,,,,,,,,"mba_feedback_1.pdf, p4"
Does not teach programming,,,1,,,,,,,,,,,,,,,,,,,,,,,,,,,,,,,,,,,,"mba_feedback_1.pdf, p4"
Taking a technology product from idea to launch,,,,,1,,,,,,,,,,,,,,,,,,,,,,,,,,,,,,,,,,"mba_feedback_1.pdf, p4"
Planned specialization,,,,,,,,,,,,,1,,,,,,,,,,,,,,,,,,,,,,,,,,"mba_feedback_1.pdf, p4"
Sharing economy,,,,,,,,,,,,,,,,,,,,,,,,,,,,,,,,,,,,,,Cost-savings,"mba_feedback_1.pdf, p4"
Technical basics course,,,1,,,,,,,,,,,,,,,,,,,,,,,,,,,,,,,,,,,,"mba_feedback_1.pdf, p5"
Does not teach programming,,,1,,,,,,,,,,,,,,,,,,,,,,,,,,,,,,,,,,,,"mba_feedback_1.pdf, p5"
Taking a technology product from idea to launch,,,1,,,,,,,,,,,,,,,,,,,,,,,,,,,,,,,,,,,,"mba_feedback_1.pdf, p5"
Planned specialization,,,,,,,,,,,,,,,,,,,,1,,1,,,,,,,,,,,,,,,,,"mba_feedback_1.pdf, p5"
Sharing economy,,,,,,,,,,,,,,,,,,,,,,,,,,,,,,,,,,,,,,More efficient use of things,"mba_feedback_1.pdf, p5"
Technical basics course,,,1,,,,,,,,,,,,,,,,,,,,,,,,,,,,,,,,,,,,"mba_feedback_1.pdf, p6"
Does not teach programming,,,1,,,,,,,,,,,,,,,,,,,,,,,,,,,,,,,,,,,,"mba_feedback_1.pdf, p6"
Taking a technology product from idea to launch,,,1,,,,,,,,,,1,,,,,,,,,,,,,,,,,,,,,,,,,,"mba_feedback_1.pdf, p6"
Planned specialization,,,,,,,,,,,,,,,,,,,,,,,,1,1,,,,,,,,,,,,,,"mba_feedback_1.pdf, p6"
Sharing economy,,,,,,,,,,,,,,,,,,,,,,,,,,,,,,,,,,,,,,Collaborative consumption,"mba_feedback_1.pdf, p6"
Technical basics course,,,,,1,,,,,,,,,,,,,,,,,,,,,,,,,,,,,,,,,,"mba_feedback_1.pdf, p7"
Does not teach programming,,,,1,,,,,,,,,,,,,,,,,,,,,,,,,,,,,,,,,,,"mba_feedback_1.pdf, p7"
Taking a technology product from idea to launch,,,1,,,,,,,,,,,,,,,,,,,,,,,,,,,,,,,,,,,,"mba_feedback_1.pdf, p7"
Planned specialization,,,,,,,,,,,,,,,,,,1,,,,,,,,1,1,,,,,,,,,,,,"mba_feedback_1.pdf, p7"
Sharing economy,,,,,,,,,,,,,,,,,,,,,,,,,,,,,,,,,,,,,,,"mba_feedback_1.pdf, p7"
Technical basics course,,,1,,,,,,,,,,,,,,,,,,,,,,,,,,,,,,,,,,,,"mba_feedback_1.pdf, p8"
Does not teach programming,,,1,,,,,,,,,,,,,,,,,,,,,,,,,,,,,,,,,,,,"mba_feedback_1.pdf, p8"
Taking a technology product from idea to launch,,,,,1,,,,,,,,,,,,,,,,,,,,,,,,,,,,,,,,,,"mba_feedback_1.pdf, p8"
Planned specialization,,,,,,,,,,,,,1,,,,,,,,,,,1,,,,1,,,,,,,,,,,"mba_feedback_1.pdf, p8"
Sharing economy,,,,,,,,,,,,,,,,,,,,,,,,,,,,,,,,,,,,,,Launch 2013,"mba_feedback_1.pdf, p8"
Technical basics course,,,,,1,,,,,,,,,,,,,,,,,,,,,,,,,,,,,,,,,,"mba_feedback_1.pdf, p9"
Does not teach programming,,,,,1,,,,,,,,,,,,,,,,,,,,,,,,,,,,,,,,,,"mba_feedback_1.pdf, p9"
Taking a technology product from idea to launch,,,1,,,,,,,,,,,,,,,,,,,,,,,,,,,,,,,,,,,,"mba_feedback_1.pdf, p9"
Planned specialization,,,,,,1,,,,,,,,,,,,,,1,,,,,,,,,,,,,,,,,,,"mba_feedback_1.pdf, p9"
Sharing economy,,,,,,,,,,,,,,,,,,,,,,,,,,,,,,,,,,,,,,"Cab share, less <undecipherable> more benefits","mba_feedback_1.pdf, p9"
Technical basics course,,,,,1,,,,,,,,,,,,,,,,,,,,,,,,,,,,,,,,,,"mba_feedback_1.pdf, p10"
Does not teach programming,,,,,1,,,,,,,,,,,,,,,,,,,,,,,,,,,,,,,,,,"mba_feedback_1.pdf, p10"
Taking a technology product from idea to launch,1,1,1,,,,,,,,,,,,,,,,,,,,,,,,,,,,,,,,,,,,"mba_feedback_1.pdf, p10"
Planned specialization,,,,,,1,,,,,,,,,,,,,,,,,,,1,,,,1,,,,,,,,,,"mba_feedback_1.pdf, p10"
Sharing economy,,,,,,,,,,,,,,,,,,,,,,,,,,,,,,,,,,,,,,"ecommerce, VC, #uber #etsy #pivotdesk","mba_feedback_1.pdf, p10"
Technical basics course,,1,,,,,,,,,,,,,,,,,,,,,,,,,,,,,,,,,,,,,"mba_feedback_1.pdf, p11"
Does not teach programming,,,,1,,,,,,,,,,,,,,,,,,,,,,,,,,,,,,,,,,,"mba_feedback_1.pdf, p11"
Taking a technology product from idea to launch,,1,1,,,,,,,,,,,,,,,,,,,,,,,,,,,,,,,,,,,,"mba_feedback_1.pdf, p11"
Planned specialization,,,,,,,,,,,,,,,,,,,,,,,,,,,,,,,,,,,,,,,"mba_feedback_1.pdf, p11"
Sharing economy,,,,,,,,,,,,,,,,,,,,,,,,,,,,,,,,,,,,,,,"mba_feedback_1.pdf, p11"
Technical basics course,1,,1,,,,,,,,,,,,,,,,,,,,,,,,,,,,,,,,,,,,"mba_feedback_1.pdf, p12"
Does not teach programming,1,,1,,,,,,,,,,,,,,,,,,,,,,,,,,,,,,,,,,,,"mba_feedback_1.pdf, p12"
Taking a technology product from idea to launch,1,,1,,,,,,,,,,,,,,,,,,,,,,,,,,,,,,,,,,,,"mba_feedback_1.pdf, p12"
Planned specialization,,,,,,,,,,,,,,,,,,,,,,,,,,,,,1,,1,1,,,,,,,"mba_feedback_1.pdf, p12"
Sharing economy,,,,,,,,,,,,,,,,,,,,,,,,,,,,,,,,,,,,,,Never heard of it,"mba_feedback_1.pdf, p12"
Technical basics course,,,1,,,,,,,,,,,,,,,,,,,,,,,,,,,,,,,,,,,,"mba_feedback_1.pdf, p13"
Does not teach programming,,,,,1,,,,,,,,,,,,,,,,,,,,,,,,,,,,,,,,,,"mba_feedback_1.pdf, p13"
Taking a technology product from idea to launch,,,1,,,,,,,,,,,,,,,,,,,,,,,,,,,,,,,,,,,,"mba_feedback_1.pdf, p13"
Planned specialization,,,,,,,,,,,,,,,,,,,,1,,,,,,,,,,,,,,,,,,,"mba_feedback_1.pdf, p13"
Sharing economy,,,,,,,,,,,,,,,,,,,,,,,,,,,,,,,,,,,,,,"Economy based on products that are not owned & utilized by only one individual, but several","mba_feedback_1.pdf, p13"
Technical basics course,,,1,,,,,,,,,,,,,,,,,,,,,,,,,,,,,,,,,,,,"mba_feedback_1.pdf, p14"
Does not teach programming,,,1,,,,,,,,,,,,,,,,,,,,,,,,,,,,,,,,,,,,"mba_feedback_1.pdf, p14"
Taking a technology product from idea to launch,,,,,1,,,,,,,,,,,,,,,,,,,,,,,,,,,,,,,,,,"mba_feedback_1.pdf, p14"
Planned specialization,,,,,,1,,,,,,,,,,,,,,,,,,,,1,,,,,,,,,,,,,"mba_feedback_1.pdf, p14"
Sharing economy,,,,,,,,,,,,,,,,,,,,,,,,,,,,,,,,,,,,,,"Socialism 60%, capitalism - 40% economy","mba_feedback_1.pdf, p14"
Technical basics course,,,,,1,,,,,,,,,,,,,,,,,,,,,,,,,,,,,,,,,,"mba_feedback_1.pdf, p15"
Does not teach programming,,,,,1,,,,,,,,,,,,,,,,,,,,,,,,,,,,,,,,,,"mba_feedback_1.pdf, p15"
Taking a technology product from idea to launch,,,1,,,,,,,,,,,,,,,,,,,,,,,,,,,,,,,,,,,,"mba_feedback_1.pdf, p15"
Planned specialization,,,,,,1,,,,,,,,,,,,,,,,,,,,,,,,,,,,,,,,,"mba_feedback_1.pdf, p15"
Sharing economy,,,,,,,,,,,,,,,,,,,,,,,,,,,,,,,,,,,,,,"big data, information, internet, social media","mba_feedback_1.pdf, p15"
Technical basics course,1,,1,,,,,,,,,,,,,,,,,,,,,,,,,,,,,,,,,,,,"mba_feedback_1.pdf, p16"
Does not teach programming,,,,1,,,,,,,,,,,,,,,,,,,,,,,,,,,,,,,,,,,"mba_feedback_1.pdf, p16"
Taking a technology product from idea to launch,,,,,1,,,,,,,,,,,,,,,,,,,,,,,,,,,,,,,,,,"mba_feedback_1.pdf, p16"
Planned specialization,,,,,,1,,,,,,,,,,,,,,,,,,,,,,,,,,,1,1,,,,,"mba_feedback_1.pdf, p16"
Sharing economy,,,,,,,,,,,,,,,,,,,,,,,,,,,,,,,,,,,,,,"Crowdhsaring, peer to peer lending, etc.","mba_feedback_1.pdf, p16"
Technical basics course,,,,,1,,,,,,,,,,,,,,,,,,,,,,,,,,,,,,,,,,"mba_feedback_1.pdf, p17"
Does not teach programming,,,1,,,,,,,,,,,,,,,,,,,,,,,,,,,,,,,,,,,,"mba_feedback_1.pdf, p17"
Taking a technology product from idea to launch,,,1,,,,,,,,,,,,,,,,,,,,,,,,,,,,,,,,,,,,"mba_feedback_1.pdf, p17"
Planned specialization,,,,,,,,,,,,,,,,,,,,,,,,,,,,,,,,,,1,,,,,"mba_feedback_1.pdf, p17"
Sharing economy,,,,,,,,,,,,,,,,,,,,,,,,,,,,,,,,,,,,,,,"mba_feedback_1.pdf, p17"
Technical basics course,,,1,,,,,,,,,,,,,,,,,,,,,,,,,,,,,,,,,,,,"mba_feedback_1.pdf, p19"
Does not teach programming,,1,1,,,,,,,,,,,,,,,,,,,,,,,,,,,,,,,,,,,,"mba_feedback_1.pdf, p19"
Taking a technology product from idea to launch,,1,1,,,,,,,,,,,,,,,,,,,,,,,,,,,,,,,,,,,,"mba_feedback_1.pdf, p19"
Planned specialization,,,,,,1,,,,,,,,,,,,1,,,,,,,,,,,,,,,,,,,,,"mba_feedback_1.pdf, p19"
Sharing economy,,,,,,,,,,,,,,,,,,,,,,,,,,,,,,,,,,,,,,Twitter,"mba_feedback_1.pdf, p19"
Technical basics course,,,1,,,,,,,,,,,,,,,,,,,,,,,,,,,,,,,,,,,,"mba_feedback_1.pdf, p21"
Does not teach programming,,,1,,,,,,,,,,,,,,,,,,,,,,,,,,,,,,,,,,,,"mba_feedback_1.pdf, p21"
Taking a technology product from idea to launch,,,,,1,,,,,,,,,,,,,,,,,,,,,,,,,,,,,,,,,,"mba_feedback_1.pdf, p21"
Planned specialization,,,,,,1,,,,,,,,,,,,,,,,,,,,,,,,,,,,,1,1,,,"mba_feedback_1.pdf, p21"
Sharing economy,,,,,,,,,,,,,,,,,,,,,,,,,,,,,,,,,,,,,,,"mba_feedback_1.pdf, p21"
Technical basics course,,,1,,,,,,,,,,,,,,,,,,,,,,,,,,,,,,,,,,,,"mba_feedback_1.pdf, p22"
Does not teach programming,,,1,,,,,,,,,,,,,,,,,,,,,,,,,,,,,,,,,,,,"mba_feedback_1.pdf, p22"
Taking a technology product from idea to launch,,,1,,,,,,,,,,,,,,,,,,,,,,,,,,,,,,,,,,,,"mba_feedback_1.pdf, p22"
Planned specialization,,,,,,1,,,,,,,1,,,,,,,,,,,,,,,1,,,,,,,,,,,"mba_feedback_1.pdf, p22"
Sharing economy,,,,,,,,,,,,,,,,,,,,,,,,,,,,,,,,,,,,,,"Air BNB, RideShare","mba_feedback_1.pdf, p22"
Technical basics course,,,1,,,,,,,,,,,,,,,,,,,,,,,,,,,,,,,,,,,,"mba_feedback_1.pdf, p23"
Does not teach programming,,,,,1,,,,,,,,,,,,,,,,,,,,,,,,,,,,,,,,,,"mba_feedback_1.pdf, p23"
Taking a technology product from idea to launch,,,1,,,,,,,,,,,,,,,,,,,,,,,,,,,,,,,,,,,,"mba_feedback_1.pdf, p23"
Planned specialization,,,,,,,,,,,,,,,,,,,,,,,,,,,,,,,,,,,,,1,,"mba_feedback_1.pdf, p23"
Sharing economy,,,,,,,,,,,,,,,,,,,,,,,,,,,,,,,,,,,,,,,"mba_feedback_1.pdf, p23"
Technical basics course,,1,1,,,,,,,,,,,,,,,,,,,,,,,,,,,,,,,,,,,,"mba_feedback_1.pdf, p24"
Does not teach programming,,1,1,1,,,,,,,,,,,,,,,,,,,,,,,,,,,,,,,,,,,"mba_feedback_1.pdf, p24"
Taking a technology product from idea to launch,,,,,1,,,,,,,,,,,,,,,,,,,,,,,,,,,,,,,,,,"mba_feedback_1.pdf, p24"
Planned specialization,,,,,,,,,,,,,,,,,,,,,,,,,,,,,,,,,,,,,,,"mba_feedback_1.pdf, p24"
Sharing economy,,,,,,,,,,,,,,,,,,,,,,,,,,,,,,,,,,,,,,,"mba_feedback_1.pdf, p24"
Technical basics course,,,1,,,,,,,,,,,,,,,,,,,,,,,,,,,,,,,,,,,,"mba_feedback_1.pdf, p25"
Does not teach programming,,,1,,,,,,,,,,,,,,,,,,,,,,,,,,,,,,,,,,,,"mba_feedback_1.pdf, p25"
Taking a technology product from idea to launch,,,1,,,,,,,,,,,,,,,,,,,,,,,,,,,,,,,,,,,,"mba_feedback_1.pdf, p25"
Planned specialization,,,,,,,,,,,,,,,,,,,,,,1,,,1,,,,,,,,,,,,,,"mba_feedback_1.pdf, p25"
Sharing economy,,,,,,,,,,,,,,,,,,,,,,,,,,,,,,,,,,,,,,"Uber, AirBNB, Lyft","mba_feedback_1.pdf, p25"
Technical basics course,,1,,,,,,,,,,,,,,,,,,,,,,,,,,,,,,,,,,,,,"mba_feedback_1.pdf, p26"
Does not teach programming,,,,,1,,,,,,,,,,,,,,,,,,,,,,,,,,,,,,,,,,"mba_feedback_1.pdf, p26"
Taking a technology product from idea to launch,,,1,,,,,,,,,,,,,,,,,,,,,,,,,,,,,,,,,,,,"mba_feedback_1.pdf, p26"
Planned specialization,,,,,,,,,,,,,1,,,,,,,,,,,,,,,,,,,,,,,,,,"mba_feedback_1.pdf, p26"
Sharing economy,,,,,,,,,,,,,,,,,,,,,,,,,,,,,,,,,,,,,,"Group funding, shared ownership","mba_feedback_1.pdf, p26"
Technical basics course,,,1,,,,,,,,,,,,,,,,,,,,,,,,,,,,,,,,,,,,"mba_feedback_1.pdf, p27"
Does not teach programming,,,1,,,,,,,,,,,,,,,,,,,,,,,,,,,,,,,,,,,,"mba_feedback_1.pdf, p27"
Taking a technology product from idea to launch,1,1,1,,,,,,,,,,,,,,,,,,,,,,,,,,,,,,,,,,,,"mba_feedback_1.pdf, p27"
Planned specialization,,,,,,1,,,,,,,1,,,,,,,,,,,,,,,,1,,,,,,,1,,,"mba_feedback_1.pdf, p27"
Sharing economy,,,,,,,,,,,,,,,,,,,,,,,,,,,,,,,,,,,,,,shared use of resources and knowledge,"mba_feedback_1.pdf, p27"
Technical basics course,,,,,1,,,,,,,,,,,,,,,,,,,,,,,,,,,,,,,,,,"mba_feedback_1.pdf, p28"
Does not teach programming,,,1,,,,,,,,,,,,,,,,,,,,,,,,,,,,,,,,,,,,"mba_feedback_1.pdf, p28"
Taking a technology product from idea to launch,,,1,,,,,,,,,,,,,,,,,,,,,,,,,,,,,,,,,,,,"mba_feedback_1.pdf, p28"
Planned specialization,,,,,,,,,,,,,1,,,,,,,1,,,,,,,,,,,,,,,,1,,,"mba_feedback_1.pdf, p28"
Sharing economy,,,,,,,,,,,,,,,,,,,,,,,,,,,,,,,,,,,,,,,"mba_feedback_1.pdf, p28"
Technical basics course,,,,,1,,,,,,,,,,,,,,,,,,,,,,,,,,,,,,,,,,"mba_feedback_1.pdf, p29"
Does not teach programming,,1,1,,,,,,,,,,,,,,,,,,,,,,,,,,,,,,,,,,,,"mba_feedback_1.pdf, p29"
Taking a technology product from idea to launch,,,1,,,,,,,,,,,,,,,,,,,,,,,,,,,,,,,,,,,,"mba_feedback_1.pdf, p29"
Planned specialization,,,,,,,,,,,,,1,,,,,,,1,,,,,,,,1,,,,,,,,,,,"mba_feedback_1.pdf, p29"
Sharing economy,,,,,,,,,,,,,,,,,,,,,,,,,,,,,,,,,,,,,,Zipcar and other shared programs,"mba_feedback_1.pdf, p29"
Technical basics course,,1,1,,,,,,,,,,,,,,,,,,,,,,,,,,,,,,,,,,,,"mba_feedback_1.pdf, p30"
Does not teach programming,,1,1,,,,,,,,,,,,,,,,,,,,,,,,,,,,,,,,,,,,"mba_feedback_1.pdf, p30"
Taking a technology product from idea to launch,,,1,,,,,,,,,,,,,,,,,,,,,,,,,,,,,,,,,,,,"mba_feedback_1.pdf, p30"
Planned specialization,,,,,,,,,,,,,1,,,,,,,,,,,,,,,,,,1,,,,,1,,,"mba_feedback_1.pdf, p30"
Sharing economy,,,,,,,,,,,,,,,,,,,,,,,,,,,,,,,,,,,,,,Crowdsourcing / people sharing services/tools / exchange economy,"mba_feedback_1.pdf, p30"
Technical basics course,,,,,1,,,,,,,,,,,,,,,,,,,,,,,,,,,,,,,,,,"mba_feedback_1.pdf, p31"
Does not teach programming,,,,,1,,,,,,,,,,,,,,,,,,,,,,,,,,,,,,,,,,"mba_feedback_1.pdf, p31"
Taking a technology product from idea to launch,,,1,,,,,,,,,,,,,,,,,,,,,,,,,,,,,,,,,,,,"mba_feedback_1.pdf, p31"
Planned specialization,,,,,,1,,,,,1,1,,,,,,,,,,,,,,,,,,,,,,,,,,,"mba_feedback_1.pdf, p31"
Sharing economy,,,,,,,,,,,,,,,,,,,,,,,,,,,,,,,,,,,,,,"Crowdsourcing, Craigs list. I don't trust it","mba_feedback_1.pdf, p31"
Technical basics course,,,1,,1,,,,,,,,,,,,,,,,,,,,,,,,,,,,,,,,,,"mba_feedback_1.pdf, p32"
Does not teach programming,,1,1,,,,,,,,,,,,,,,,,,,,,,,,,,,,,,,,,,,,"mba_feedback_1.pdf, p32"
Taking a technology product from idea to launch,,1,1,,,,,,,,,,,,,,,,,,,,,,,,,,,,,,,,,,,,"mba_feedback_1.pdf, p32"
Planned specialization,,,,,,,,,,,,,,,,,,,,1,,,,,,,,,,,,,,,,,,,"mba_feedback_1.pdf, p32"
Sharing economy,,,,,,,,,,,,,,,,,,,,,,,,,,,,,,,,,,,,,,The people sharing their point of view of different things,"mba_feedback_1.pdf, p32"
Technical basics course,1,1,1,,,,,,,,,,,,,,,,,,,,,,,,,,,,,,,,,,,,"mba_feedback_2.pdf, p1"
Does not teach programming,1,1,1,,,,,,,,,,,,,,,,,,,,,,,,,,,,,,,,,,,,"mba_feedback_2.pdf, p1"
Taking a technology product from idea to launch,,,,,1,,,,,,,,,,,,,,,,,,,,,,,,,,,,,,,,,,"mba_feedback_2.pdf, p1"
Planned specialization,,,,,,1,,,,,,,,,,,,,,,,,,,,,,1,,,,,,,1,,,,"mba_feedback_2.pdf, p1"
Sharing economy,,,,,,,,,,,,,,,,,,,,,,,,,,,,,,,,,,,,,,,"mba_feedback_2.pdf, p1"
Technical basics course,,,1,,,,,,,,,,,,,,,,,,,,,,,,,,,,,,,,,,,,"mba_feedback_2.pdf, p2"
Does not teach programming,,,1,,,,,,,,,,,,,,,,,,,,,,,,,,,,,,,,,,,,"mba_feedback_2.pdf, p2"
Taking a technology product from idea to launch,,,1,,,,,,,,,,,,,,,,,,,,,,,,,,,,,,,,,,,,"mba_feedback_2.pdf, p2"
Planned specialization,,,,,,1,,,,,,,,,,,,,,,,,,,,,,,,,,,,,,,,,"mba_feedback_2.pdf, p2"
Sharing economy,,,,,,,,,,,,,,,,,,,,,,,,,,,,,,,,,,,,,,Open source,"mba_feedback_2.pdf, p2"
Technical basics course,,,1,,,,,,,,,,,,,,,,,,,,,,,,,,,,,,,,,,,,"mba_feedback_2.pdf, p3"
Does not teach programming,,,,,1,,,,,,,,,,,,,,,,,,,,,,,,,,,,,,,,,,"mba_feedback_2.pdf, p3"
Taking a technology product from idea to launch,,,1,,,,,,,,,,,,,,,,,,,,,,,,,,,,,,,,,,,,"mba_feedback_2.pdf, p3"
Planned specialization,,,,,,1,,,,,,,1,,,,,,,,,,,,,,,,1,,,,,,,,,,"mba_feedback_2.pdf, p3"
Sharing economy,,,,,,,,,,,,,,,,,,,,,,,,,,,,,,,,,,,,,,Information security / privacy,"mba_feedback_2.pdf, p3"
Technical basics course,,,,,1,,,,,,,,,,,,,,,,,,,,,,,,,,,,,,,,,,"mba_feedback_2.pdf, p4"
Does not teach programming,,,,,1,,,,,,,,,,,,,,,,,,,,,,,,,,,,,,,,,,"mba_feedback_2.pdf, p4"
Taking a technology product from idea to launch,,,,,1,,,,,,,,,,,,,,,,,,,,,,,,,,,,,,,,,,"mba_feedback_2.pdf, p4"
Planned specialization,,,,,,1,,,,,1,,,,,,,,,,,,,,,,,,,,,,,,,,,,"mba_feedback_2.pdf, p4"
Sharing economy,,,,,,,,,,,,,,,,,,,,,,,,,,,,,,,,,,,,,,Income redistribution,"mba_feedback_2.pdf, p4"
Technical basics course,,,1,,,,,,,,,,,,,,,,,,,,,,,,,,,,,,,,,,,,"mba_feedback_2.pdf, p5"
Does not teach programming,,1,1,,,,,,,,,,,,,,,,,,,,,,,,,,,,,,,,,,,,"mba_feedback_2.pdf, p5"
Taking a technology product from idea to launch,,,1,,,,,,,,,,,,,,,,,,,,,,,,,,,,,,,,,,,,"mba_feedback_2.pdf, p5"
Planned specialization,,,,,,,,,,,,,1,,,,,,,,,,,,,,,1,,,,,,,,,,,"mba_feedback_2.pdf, p5"
Sharing economy,,,,,,,,,,,,,,,,,,,,,,,,,,,,,,,,,,,,,,Zip car,"mba_feedback_2.pdf, p5"
Technical basics course,,,,,1,,,,,,,,,,,,,,,,,,,,,,,,,,,,,,,,,,"mba_feedback_2.pdf, p6"
Does not teach programming,,,1,,,,,,,,,,,,,,,,,,,,,,,,,,,,,,,,,,,,"mba_feedback_2.pdf, p6"
Taking a technology product from idea to launch,,,,,1,,,,,,,,,,,,,,,,,,,,,,,,,,,,,,,,,,"mba_feedback_2.pdf, p6"
Planned specialization,,,,,,1,,,,,,,,,,,,,,,,,,,,,,,,,,,,,,,,,"mba_feedback_2.pdf, p6"
Sharing economy,,,,,,,,,,,,,,,,,,,,,,,,,,,,,,,,,,,,,,"A lot of good intentions, just a little of practical tools","mba_feedback_2.pdf, p6"
Technical basics course,,,,,1,,,,,,,,,,,,,,,,,,,,,,,,,,,,,,,,,,"mba_feedback_2.pdf, p7"
Does not teach programming,,,1,,,,,,,,,,,,,,,,,,,,,,,,,,,,,,,,,,,,"mba_feedback_2.pdf, p7"
Taking a technology product from idea to launch,,,,,1,,,,,,,,,,,,,,,,,,,,,,,,,,,,,,,,,,"mba_feedback_2.pdf, p7"
Planned specialization,,,,,,1,,,,,,,1,,,,,,,,,,,,,1,,,,,,,,,,,,,"mba_feedback_2.pdf, p7"
Sharing economy,,,,,,,,,,,,,,,,,,,,,,,,,,,,,,,,,,,,,,Sharing resources or assets for example Citibike,"mba_feedback_2.pdf, p7"
Technical basics course,,,1,,,,,,,,,,,,,,,,,,,,,,,,,,,,,,,,,,,,"mba_feedback_2.pdf, p8"
Does not teach programming,,,1,,,,,,,,,,,,,,,,,,,,,,,,,,,,,,,,,,,,"mba_feedback_2.pdf, p8"
Taking a technology product from idea to launch,,,1,,,,,,,,,,,,,,,,,,,,,,,,,,,,,,,,,,,,"mba_feedback_2.pdf, p8"
Planned specialization,,,,,,1,,,,,,,,,,,,,,,,,,,,,,,1,,,,,,,,,,"mba_feedback_2.pdf, p8"
Sharing economy,,,,,,,,,,,,,,,,,,,,,,,,,,,,,,,,,,,,,,"No idea - means nothing to me as a phras eon its own, out of context","mba_feedback_2.pdf, p8"
Technical basics course,,1,1,,,,,,,,,,,,,,,,,,,,,,,,,,,,,,,,,,,,"mba_feedback_2.pdf, p9"
Does not teach programming,,,1,,,,,,,,,,,,,,,,,,,,,,,,,,,,,,,,,,,,"mba_feedback_2.pdf, p9"
Taking a technology product from idea to launch,,,,,1,,,,,,,,,,,,,,,,,,,,,,,,,,,,,,,,,,"mba_feedback_2.pdf, p9"
Planned specialization,,,,,,,,,,,,,1,,,,,,1,,,,,,,,,,,,1,,,,,,,,"mba_feedback_2.pdf, p9"
Sharing economy,,,,,,,,,,,,,,,,,,,,,,,,,,,,,,,,,,,,,,"Shared use of resources amongst different people who don't necessarily own these resources (airbnb, share rides...)","mba_feedback_2.pdf, p9"
Technical basics course,,,1,,,,,,,,,,,,,,,,,,,,,,,,,,,,,,,,,,,,"mba_feedback_2.pdf, p10"
Does not teach programming,,1,,,,,,,,,,,,,,,,,,,,,,,,,,,,,,,,,,,,,"mba_feedback_2.pdf, p10"
Taking a technology product from idea to launch,,,1,,,,,,,,,,,,,,,,,,,,,,,,,,,,,,,,,,,,"mba_feedback_2.pdf, p10"
Planned specialization,,,,,,,,,,,,,,,,,,,,,,,,,,,,,,,,,,,,,,,"mba_feedback_2.pdf, p10"
Sharing economy,,,,,,,,,,,,,,,,,,,,,,,,,,,,,,,,,,,,,,,"mba_feedback_2.pdf, p10"
Technical basics course,,1,1,,,,,,,,,,,,,,,,,,,,,,,,,,,,,,,,,,,,"mba_feedback_2.pdf, p11"
Does not teach programming,,,1,,,,,,,,,,,,,,,,,,,,,,,,,,,,,,,,,,,,"mba_feedback_2.pdf, p11"
Taking a technology product from idea to launch,,,,,1,,,,,,,,,,,,,,,,,,,,,,,,,,,,,,,,,,"mba_feedback_2.pdf, p11"
Planned specialization,,,,,,,,,,,,,1,,,,,,,,,,,,,,,,,,1,,,,1,1,,,"mba_feedback_2.pdf, p11"
Sharing economy,,,,,,,,,,,,,,,,,,,,,,,,,,,,,,,,,,,,,,Air BnB,"mba_feedback_2.pdf, p11"
Technical basics course,,,1,,,,,,,,,,,,,,,,,,,,,,,,,,,,,,,,,,,,"mba_feedback_2.pdf, p12"
Does not teach programming,,,,,1,,,,,,,,,,,,,,,,,,,,,,,,,,,,,,,,,,"mba_feedback_2.pdf, p12"
Taking a technology product from idea to launch,,,1,,,,,,,,,,,,,,,,,,,,,,,,,,,,,,,,,,,,"mba_feedback_2.pdf, p12"
Planned specialization,,,,,,,,,,,,,1,,,,,,,1,,,,,,,,,,,,,,,,1,,,"mba_feedback_2.pdf, p12"
Sharing economy,,,,,,,,,,,,,,,,,,,,,,,,,,,,,,,,,,,,,,Digital sharing of information,"mba_feedback_2.pdf, p12"
Technical basics course,,,,,1,,,,,,,,,,,,,,,,,,,,,,,,,,,,,,,,,,"mba_feedback_2.pdf, p13"
Does not teach programming,,,1,,,,,,,,,,,,,,,,,,,,,,,,,,,,,,,,,,,,"mba_feedback_2.pdf, p13"
Taking a technology product from idea to launch,,,1,,,,,,,,,,,,,,,,,,,,,,,,,,,,,,,,,,,,"mba_feedback_2.pdf, p13"
Planned specialization,,,,,,,,,,,,,,,,,,,,1,1,,,,,,,,,,,,,,,,,,"mba_feedback_2.pdf, p13"
Sharing economy,,,,,,,,,,,,,,,,,,,,,,,,,,,,,,,,,,,,,,,"mba_feedback_2.pdf, p13"
Technical basics course,,1,1,,,,,,,,,,,,,,,,,,,,,,,,,,,,,,,,,,,,"mba_feedback_2.pdf, p14"
Does not teach programming,,1,1,,,,,,,,,,,,,,,,,,,,,,,,,,,,,,,,,,,,"mba_feedback_2.pdf, p14"
Taking a technology product from idea to launch,,1,1,,,,,,,,,,,,,,,,,,,,,,,,,,,,,,,,,,,,"mba_feedback_2.pdf, p14"
Planned specialization,,,,,,1,,,,,,,1,,,,,,,,,,,,,,,1,,,,,,,,,,,"mba_feedback_2.pdf, p14"
Sharing economy,,,,,,,,,,,,,,,,,,,,,,,,,,,,,,,,,,,,,,A community that shares public goods,"mba_feedback_2.pdf, p14"
Technical basics course,,1,1,,,,,,,,,,,,,,,,,,,,,,,,,,,,,,,,,,,,"mba_feedback_2.pdf, p15"
Does not teach programming,,,1,,,,,,,,,,,,,,,,,,,,,,,,,,,,,,,,,,,,"mba_feedback_2.pdf, p15"
Taking a technology product from idea to launch,,,,,1,,,,,,,,,,,,,,,,,,,,,,,,,,,,,,,,,,"mba_feedback_2.pdf, p15"
Planned specialization,,,,,,1,,,,,,,,,,,,1,,,,,,,,,,,,,,,,,,,,,"mba_feedback_2.pdf, p15"
Sharing economy,,,,,,,,,,,,,,,,,,,,,,,,,,,,,,,,,,,,,,Hippies,"mba_feedback_2.pdf, p15"
Technical basics course,,1,,,,,,,,,,,,,,,,,,,,,,,,,,,,,,,,,,,,,"mba_feedback_2.pdf, p16"
Does not teach programming,,,1,,,,,,,,,,,,,,,,,,,,,,,,,,,,,,,,,,,,"mba_feedback_2.pdf, p16"
Taking a technology product from idea to launch,,,1,,,,,,,,,,,,,,,,,,,,,,,,,,,,,,,,,,,,"mba_feedback_2.pdf, p16"
Planned specialization,,,,,,,,,,,,,1,,,,,,,1,1,1,,,,,,,,,,,,,,,,,"mba_feedback_2.pdf, p16"
Sharing economy,,,,,,,,,,,,,,,,,,,,,,,,,,,,,,,,,,,,,,"Uber, AirBNB, Kichenlt(?) and indulging witout owning","mba_feedback_2.pdf, p16"
Technical basics course,,,,,1,,,,,,,,,,,,,,,,,,,,,,,,,,,,,,,,,,"mba_feedback_2.pdf, p17"
Does not teach programming,1,1,1,,,,,,,,,,,,,,,,,,,,,,,,,,,,,,,,,,,,"mba_feedback_2.pdf, p17"
Taking a technology product from idea to launch,,,1,,,,,,,,,,,,,,,,,,,,,,,,,,,,,,,,,,,,"mba_feedback_2.pdf, p17"
Planned specialization,,,,,,,,,,,,,1,,,,,,,1,,,,,,,,1,,,,,,,,,,,"mba_feedback_2.pdf, p17"
Sharing economy,,,,,,,,,,,,,,,,,,,,,,,,,,,,,,,,,,,,,,,"mba_feedback_2.pdf, p17"
Technical basics course,,,1,,,,,,,,,,,,,,,,,,,,,,,,,,,,,,,,,,,,"mba_feedback_2.pdf, p18"
Does not teach programming,,,1,,,,,,,,,,,,,,,,,,,,,,,,,,,,,,,,,,,,"mba_feedback_2.pdf, p18"
Taking a technology product from idea to launch,,,,,1,,,,,,,,,,,,,,,,,,,,,,,,,,,,,,,,,,"mba_feedback_2.pdf, p18"
Planned specialization,,,,,,1,,,,,1,,,,,,,,,,,,,,,,,,,,,,,,,,,,"mba_feedback_2.pdf, p18"
Sharing economy,,,,,,,,,,,,,,,,,,,,,,,,,,,,,,,,,,,,,,Social Media,"mba_feedback_2.pdf, p18"
Technical basics course,,1,1,,,,,,,,,,,,,,,,,,,,,,,,,,,,,,,,,,,,"mba_feedback_2.pdf, p19"
Does not teach programming,,1,1,,,,,,,,,,,,,,,,,,,,,,,,,,,,,,,,,,,,"mba_feedback_2.pdf, p19"
Taking a technology product from idea to launch,,,1,,,,,,,,,,,,,,,,,,,,,,,,,,,,,,,,,,,,"mba_feedback_2.pdf, p19"
Planned specialization,,,,,,,,,,,,,1,,,,,,,1,,,,,,,,1,,,,,,,,,,,"mba_feedback_2.pdf, p19"
Sharing economy,,,,,,,,,,,,,,,,,,,,,,,,,,,,,,,,,,,,,,Less ndividual ownership. Coordination through digital channels (e.g. zipcar),"mba_feedback_2.pdf, p19"
Technical basics course,,,,,1,,,,,,,,,,,,,,,,,,,,,,,,,,,,,,,,,,"mba_feedback_2.pdf, p20"
Does not teach programming,,,1,,,,,,,,,,,,,,,,,,,,,,,,,,,,,,,,,,,,"mba_feedback_2.pdf, p20"
Taking a technology product from idea to launch,,,1,,,,,,,,,,,,,,,,,,,,,,,,,,,,,,,,,,,,"mba_feedback_2.pdf, p20"
Planned specialization,,,,,,1,,,,,,,,,,,,,,,,,,,,,,,,,,,,,,,,,"mba_feedback_2.pdf, p20"
Sharing economy,,,,,,,,,,,,,,,,,,,,,,,,,,,,,,,,,,,,,,Nothing,"mba_feedback_2.pdf, p20"
Technical basics course,,1,1,,,,,,,,,,,,,,,,,,,,,,,,,,,,,,,,,,,,"mba_feedback_2.pdf, p21"
Does not teach programming,,1,1,,,,,,,,,,,,,,,,,,,,,,,,,,,,,,,,,,,,"mba_feedback_2.pdf, p21"
Taking a technology product from idea to launch,,1,1,,,,,,,,,,,,,,,,,,,,,,,,,,,,,,,,,,,,"mba_feedback_2.pdf, p21"
Planned specialization,,,,,,1,,,,,,,,,,,,,,,,,,,,,,,,,,,,1,,,,,"mba_feedback_2.pdf, p21"
Sharing economy,,,,,,,,,,,,,,,,,,,,,,,,,,,,,,,,,,,,,,,"mba_feedback_2.pdf, p21"
Technical basics course,,,,,1,,,,,,,,,,,,,,,,,,,,,,,,,,,,,,,,,,"mba_feedback_2.pdf, p22"
Does not teach programming,,,,,1,,,,,,,,,,,,,,,,,,,,,,,,,,,,,,,,,,"mba_feedback_2.pdf, p22"
Taking a technology product from idea to launch,,,,,1,,,,,,,,,,,,,,,,,,,,,,,,,,,,,,,,,,"mba_feedback_2.pdf, p22"
Planned specialization,,,,,,1,,,,,,,,,,,,,,,,,,,,,,,,,,,,,,,,,"mba_feedback_2.pdf, p22"
Sharing economy,,,,,,,,,,,,,,,,,,,,,,,,,,,,,,,,,,,,,,An economy based on shared resources for free like the internet. I'd be interested in a course that explores new models of economy and new paradigms,"mba_feedback_2.pdf, p22"
Technical basics course,,,,,1,,,,,,,,,,,,,,,,,,,,,,,,,,,,,,,,,,"mba_feedback_2.pdf, p23"
Does not teach programming,,,1,,,,,,,,,,,,,,,,,,,,,,,,,,,,,,,,,,,,"mba_feedback_2.pdf, p23"
Taking a technology product from idea to launch,,,,,1,,,,,,,,,,,,,,,,,,,,,,,,,,,,,,,,,,"mba_feedback_2.pdf, p23"
Planned specialization,,,,,,1,,,1,,,,1,,,,,,,,,,,1,,,,,,,,,,,,,,,"mba_feedback_2.pdf, p23"
Sharing economy,,,,,,,,,,,,,,,,,,,,,,,,,,,,,,,,,,,,,,"AirBNB, etc.","mba_feedback_2.pdf, p23"
Technical basics course,,1,1,,,,,,,,,,,,,,,,,,,,,,,,,,,,,,,,,,,,"mba_feedback_2.pdf, p24"
Does not teach programming,,1,1,,,,,,,,,,,,,,,,,,,,,,,,,,,,,,,,,,,,"mba_feedback_2.pdf, p24"
Taking a technology product from idea to launch,,,,,1,,,,,,,,,,,,,,,,,,,,,,,,,,,,,,,,,,"mba_feedback_2.pdf, p24"
Planned specialization,,,,,,,,,,,,,,,,,,,,,,,,,,1,,,,,,,,,,,,,"mba_feedback_2.pdf, p24"
Sharing economy,,,,,,,,,,,,,,,,,,,,,,,,,,,,,,,,,,,,,,"Zipcar, Airbnb. Rent vs. own","mba_feedback_2.pdf, p24"
Technical basics course,,,1,,,,,,,,,,,,,,,,,,,,,,,,,,,,,,,,,,,,"mba_feedback_2.pdf, p25"
Does not teach programming,,,,,1,,,,,,,,,,,,,,,,,,,,,,,,,,,,,,,,,,"mba_feedback_2.pdf, p25"
Taking a technology product from idea to launch,,,,,1,,,,,,,,,,,,,,,,,,,,,,,,,,,,,,,,,,"mba_feedback_2.pdf, p25"
Planned specialization,,,,,,1,,,,,,,,,,,,1,,,,,,,,,,,,,,,,,,,,,"mba_feedback_2.pdf, p25"
Sharing economy,,,,,,,,,,,,,,,,,,,,,,,,,,,,,,,,,,,,,,mooching,"mba_feedback_2.pdf, p25"
Technical basics course,,,1,,,,,,,,,,,,,,,,,,,,,,,,,,,,,,,,,,,,"mba_feedback_2.pdf, p26"
Does not teach programming,,,,,1,,,,,,,,,,,,,,,,,,,,,,,,,,,,,,,,,,"mba_feedback_2.pdf, p26"
Taking a technology product from idea to launch,,,,,1,,,,,,,,,,,,,,,,,,,,,,,,,,,,,,,,,,"mba_feedback_2.pdf, p26"
Planned specialization,,,,,,,,,,,,,1,,,1,,,,,,,,,,,,,,,,,,,,,,,"mba_feedback_2.pdf, p26"
Sharing economy,,,,,,,,,,,,,,,,,,,,,,,,,,,,,,,,,,,,,,Craigslist,"mba_feedback_2.pdf, p26"
Technical basics course,,,,,1,,,,,,,,,,,,,,,,,,,,,,,,,,,,,,,,,,"mba_feedback_2.pdf, p27"
Does not teach programming,,,,,1,,,,,,,,,,,,,,,,,,,,,,,,,,,,,,,,,,"mba_feedback_2.pdf, p27"
Taking a technology product from idea to launch,,,,,1,,,,,,,,,,,,,,,,,,,,,,,,,,,,,,,,,,"mba_feedback_2.pdf, p27"
Planned specialization,,,,,,1,,,1,,,,,,,,,,,,,,,,,,,,,,,,,1,,,,,"mba_feedback_2.pdf, p27"
Sharing economy,,,,,,,,,,,,,,,,,,,,,,,,,,,,,,,,,,,,,,Economy in which transactions are done in 'services' and products rather than money,"mba_feedback_2.pdf, p27"
Technical basics course,,,1,,,,,,,,,,,,,,,,,,,,,,,,,,,,,,,,,,,,"mba_feedback_2.pdf, p28"
Does not teach programming,,,1,,,,,,,,,,,,,,,,,,,,,,,,,,,,,,,,,,,,"mba_feedback_2.pdf, p28"
Taking a technology product from idea to launch,,,,,1,,,,,,,,,,,,,,,,,,,,,,,,,,,,,,,,,,"mba_feedback_2.pdf, p28"
Planned specialization,,,,,,1,,,,1,,,,,,,,,,,,,,,,,,,,,,,,,,,,,"mba_feedback_2.pdf, p28"
Sharing economy,,,,,,,,,,,,,,,,,,,,,,,,,,,,,,,,,,,,,,globalization,"mba_feedback_2.pdf, p28"
Technical basics course,1,,,,,,,,,,,,,,,,,,,,,,,,,,,,,,,,,,,,,,"mba_feedback_2.pdf, p29"
Does not teach programming,,,1,,,,,,,,,,,,,,,,,,,,,,,,,,,,,,,,,,,,"mba_feedback_2.pdf, p29"
Taking a technology product from idea to launch,,,,,1,,,,,,,,,,,,,,,,,,,,,,,,,,,,,,,,,,"mba_feedback_2.pdf, p29"
Planned specialization,,,,,,1,,,,,,,1,,,,,,,,,,,,,,,,1,,,,,,,1,,,"mba_feedback_2.pdf, p29"
Sharing economy,,,,,,,,,,,,,,,,,,,,,,,,,,,,,,,,,,,,,,Ways of doing things that involve of less resources hrough the sharing of them,"mba_feedback_2.pdf, p29"
Technical basics course,,,,,1,,,,,,,,,,,,,,,,,,,,,,,,,,,,,,,,,,"mba_feedback_2.pdf, p31"
Does not teach programming,,,,,1,,,,,,,,,,,,,,,,,,,,,,,,,,,,,,,,,,"mba_feedback_2.pdf, p31"
Taking a technology product from idea to launch,,,1,,,,,,,,,,,,,,,,,,,,,,,,,,,,,,,,,,,,"mba_feedback_2.pdf, p31"
Planned specialization,,,,,,,,,,,,,,,,,,,,,,,,,,1,,,,,,,,,,,,,"mba_feedback_2.pdf, p31"
Sharing economy,,,,,,,,,,,,,,,,,,,,,,,,,,,,,,,,,,,,,,"Cooperation, economic good of community, urban living","mba_feedback_2.pdf, p31"
Technical basics course,,,,,1,,,,,,,,,,,,,,,,,,,,,,,,,,,,,,,,,,"mba_feedback_2.pdf, p32"
Does not teach programming,,,1,,,,,,,,,,,,,,,,,,,,,,,,,,,,,,,,,,,,"mba_feedback_2.pdf, p32"
Taking a technology product from idea to launch,,,,,1,,,,,,,,,,,,,,,,,,,,,,,,,,,,,,,,,,"mba_feedback_2.pdf, p32"
Planned specialization,,,,,,,,,,,,,,,,,,,,,,,,,,,,,,,,,,,,,,,"mba_feedback_2.pdf, p32"
Sharing economy,,,,,,,,,,,,,,,,,,,,,,,,,,,,,,,,,,,,,,,"mba_feedback_2.pdf, p32"
Technical basics course,1,,,,,,,,,,,,,,,,,,,,,,,,,,,,,,,,,,,,,,"mba_feedback_2.pdf, p33"
Does not teach programming,,,,,1,,,,,,,,,,,,,,,,,,,,,,,,,,,,,,,,,,"mba_feedback_2.pdf, p33"
Taking a technology product from idea to launch,,,1,,,,,,,,,,,,,,,,,,,,,,,,,,,,,,,,,,,,"mba_feedback_2.pdf, p33"
Planned specialization,,,,,,1,,1,,,,,,,,,,,,,,,,,,,,,,,,,,1,,,,,"mba_feedback_2.pdf, p33"
Sharing economy,,,,,,,,,,,,,,,,,,,,,,,,,,,,,,,,,,,,,,Effecitve us/maximize use of resources,"mba_feedback_2.pdf, p33"
Technical basics course,,,1,,,,,,,,,,,,,,,,,,,,,,,,,,,,,,,,,,,,"mba_feedback_2.pdf, p34"
Does not teach programming,,,1,,,,,,,,,,,,,,,,,,,,,,,,,,,,,,,,,,,,"mba_feedback_2.pdf, p34"
Taking a technology product from idea to launch,,,,,1,,,,,,,,,,,,,,,,,,,,,,,,,,,,,,,,,,"mba_feedback_2.pdf, p34"
Planned specialization,,,,,,,,,1,,,,1,,1,,,,,,,,,,,,,,,,,,,,,,,,"mba_feedback_2.pdf, p34"
Sharing economy,,,,,,,,,,,,,,,,,,,,,,,,,,,,,,,,,,,,,,"Zipcar, new living realty with a large shared common area","mba_feedback_2.pdf, p34"
Technical basics course,,,,,1,,,,,,,,,,,,,,,,,,,,,,,,,,,,,,,,,,"mba_feedback_2.pdf, p35"
Does not teach programming,,,1,,,,,,,,,,,,,,,,,,,,,,,,,,,,,,,,,,,,"mba_feedback_2.pdf, p35"
Taking a technology product from idea to launch,,,,,1,,,,,,,,,,,,,,,,,,,,,,,,,,,,,,,,,,"mba_feedback_2.pdf, p35"
Planned specialization,,,,,,,,,,,,,1,1,,,,,,,,,,,,,,,,,,,,,,1,,,"mba_feedback_2.pdf, p35"
Sharing economy,,,,,,,,,,,,,,,,,,,,,,,,,,,,,,,,,,,,,,Arun Sundararajan. Ideal for small cities,"mba_feedback_2.pdf, p35"
Technical basics course,,1,1,,,,,,,,,,,,,,,,,,,,,,,,,,,,,,,,,,,,"mba_feedback_2.pdf, p36"
Does not teach programming,,1,1,,,,,,,,,,,,,,,,,,,,,,,,,,,,,,,,,,,,"mba_feedback_2.pdf, p36"
Taking a technology product from idea to launch,,1,1,,,,,,,,,,,,,,,,,,,,,,,,,,,,,,,,,,,,"mba_feedback_2.pdf, p36"
Planned specialization,,,,,,1,,,,,,,1,,,,,,,,,,,,1,,,,,,,,,,,,,,"mba_feedback_2.pdf, p36"
Sharing economy,,,,,,,,,,,,,,,,,,,,,,,,,,,,,,,,,,,,,,"Airbnb, mobile as a remote control that removes friction from sharing","mba_feedback_2.pdf, p36"
Technical basics course,,,1,,,,,,,,,,,,,,,,,,,,,,,,,,,,,,,,,,,,"mba_feedback_3.pdf, p1"
Does not teach programming,,,1,,,,,,,,,,,,,,,,,,,,,,,,,,,,,,,,,,,,"mba_feedback_3.pdf, p1"
Taking a technology product from idea to launch,,,1,,,,,,,,,,,,,,,,,,,,,,,,,,,,,,,,,,,,"mba_feedback_3.pdf, p1"
Planned specialization,,,,,,1,,,,,,,,,,,,1,,1,,,,,,,,,,,,,,1,,,,,"mba_feedback_3.pdf, p1"
Sharing economy,,,,,,,,,,,,,,,,,,,,,,,,,,,,,,,,,,,,,,Countries working together & sharing strengths with each other,"mba_feedback_3.pdf, p1"
Technical basics course,,,1,,,,,,,,,,,,,,,,,,,,,,,,,,,,,,,,,,,,"mba_feedback_3.pdf, p2"
Does not teach programming,,,1,1,,,,,,,,,,,,,,,,,,,,,,,,,,,,,,,,,,,"mba_feedback_3.pdf, p2"
Taking a technology product from idea to launch,,,,,1,,,,,,,,,,,,,,,,,,,,,,,,,,,,,,,,,,"mba_feedback_3.pdf, p2"
Planned specialization,,,,,,1,,,,,,,,,,,,1,,,,,,,,,,,,,,,,,,,,,"mba_feedback_3.pdf, p2"
Sharing economy,,,,,,,,,,,,,,,,,,,,,,,,,,,,,,,,,,,,,,Launch,"mba_feedback_3.pdf, p2"
Technical basics course,1,1,1,,,,,,,,,,,,,,,,,,,,,,,,,,,,,,,,,,,,"mba_feedback_3.pdf, p3"
Does not teach programming,,,1,1,,,,,,,,,,,,,,,,,,,,,,,,,,,,,,,,,,,"mba_feedback_3.pdf, p3"
Taking a technology product from idea to launch,,,,,1,,,,,,,,,,,,,,,,,,,,,,,,,,,,,,,,,,"mba_feedback_3.pdf, p3"
Planned specialization,,,,,,1,,,,1,,,,,,,,1,,,,,,,,,,,,,,,,,,,,,"mba_feedback_3.pdf, p3"
Sharing economy,,,,,,,,,,,,,,,,,,,,,,,,,,,,,,,,,,,,,,"Concepts like citibike where resources are ""owned"" initially & constantly re-used or repurposed","mba_feedback_3.pdf, p3"
Technical basics course,,,1,,,,,,,,,,,,,,,,,,,,,,,,,,,,,,,,,,,,"mba_feedback_3.pdf, p4"
Does not teach programming,,,1,,,,,,,,,,,,,,,,,,,,,,,,,,,,,,,,,,,,"mba_feedback_3.pdf, p4"
Taking a technology product from idea to launch,,,1,,,,,,,,,,,,,,,,,,,,,,,,,,,,,,,,,,,,"mba_feedback_3.pdf, p4"
Planned specialization,,,,,,1,,,,,,,,,,1,,,,,,,,,,,,,,,,,,,,,,,"mba_feedback_3.pdf, p4"
Sharing economy,,,,,,,,,,,,,,,,,,,,,,,,,,,,,,,,,,,,,,Information,"mba_feedback_3.pdf, p4"
Technical basics course,1,,,,,,,,,,,,,,,,,,,,,,,,,,,,,,,,,,,,,,"mba_feedback_3.pdf, p5"
Does not teach programming,,,,,1,,,,,,,,,,,,,,,,,,,,,,,,,,,,,,,,,,"mba_feedback_3.pdf, p5"
Taking a technology product from idea to launch,,,1,,,,,,,,,,,,,,,,,,,,,,,,,,,,,,,,,,,,"mba_feedback_3.pdf, p5"
Planned specialization,,,,,,1,,,,,,,,,,,,,,,,,,,,,,,,,,,,,,,,,"mba_feedback_3.pdf, p5"
Sharing economy,,,,,,,,,,,,,,,,,,,,,,,,,,,,,,,,,,,,,,,"mba_feedback_3.pdf, p5"
Technical basics course,,,,,1,,,,,,,,,,,,,,,,,,,,,,,,,,,,,,,,,,"mba_feedback_3.pdf, p6"
Does not teach programming,,,,,1,,,,,,,,,,,,,,,,,,,,,,,,,,,,,,,,,,"mba_feedback_3.pdf, p6"
Taking a technology product from idea to launch,,,1,,,,,,,,,,,,,,,,,,,,,,,,,,,,,,,,,,,,"mba_feedback_3.pdf, p6"
Planned specialization,,,,,,1,,,,,,,1,,,,,,1,,,,,,,,,,,,,,,,,1,,,"mba_feedback_3.pdf, p6"
Sharing economy,,,,,,,,,,,,,,,,,,,,,,,,,,,,,,,,,,,,,,People giving other people things. Barter,"mba_feedback_3.pdf, p6"
Technical basics course,,,1,,,,,,,,,,,,,,,,,,,,,,,,,,,,,,,,,,,,"mba_feedback_3.pdf, p7"
Does not teach programming,,,1,,,,,,,,,,,,,,,,,,,,,,,,,,,,,,,,,,,,"mba_feedback_3.pdf, p7"
Taking a technology product from idea to launch,,,,,1,,,,,,,,,,,,,,,,,,,,,,,,,,,,,,,,,,"mba_feedback_3.pdf, p7"
Planned specialization,,,,,,1,1,,,,,,,,,,,,,,,,,,,,,,,,,,,,,,,,"mba_feedback_3.pdf, p7"
Sharing economy,,,,,,,,,,,,,,,,,,,,,,,,,,,,,,,,,,,,,,,"mba_feedback_3.pdf, p7"
Technical basics course,,,,,1,,,,,,,,,,,,,,,,,,,,,,,,,,,,,,,,,,"mba_feedback_3.pdf, p8"
Does not teach programming,,,1,,,,,,,,,,,,,,,,,,,,,,,,,,,,,,,,,,,,"mba_feedback_3.pdf, p8"
Taking a technology product from idea to launch,,,,,1,,,,,,,,,,,,,,,,,,,,,,,,,,,,,,,,,,"mba_feedback_3.pdf, p8"
Planned specialization,,,,,,1,,,,,,,,,,,,,,,,,,,,,,,,,,,,,,,,,"mba_feedback_3.pdf, p8"
Sharing economy,,,,,,,,,,,,,,,,,,,,,,,,,,,,,,,,,,,,,,,"mba_feedback_3.pdf, p8"
Technical basics course,,,1,,,,,,,,,,,,,,,,,,,,,,,,,,,,,,,,,,,,"mba_feedback_3.pdf, p9"
Does not teach programming,,,,1,,,,,,,,,,,,,,,,,,,,,,,,,,,,,,,,,,,"mba_feedback_3.pdf, p9"
Taking a technology product from idea to launch,,,,,1,,,,,,,,,,,,,,,,,,,,,,,,,,,,,,,,,,"mba_feedback_3.pdf, p9"
Planned specialization,,,,,,,,,,,,,1,,1,,,,,,,,,,,,,,,,,,,,,1,,,"mba_feedback_3.pdf, p9"
Sharing economy,,,,,,,,,,,,,,,,,,,,,,,,,,,,,,,,,,,,,,Sharing to better use underutilized assets,"mba_feedback_3.pdf, p9"
Technical basics course,,,1,,,,,,,,,,,,,,,,,,,,,,,,,,,,,,,,,,,,"mba_feedback_3.pdf, p10"
Does not teach programming,,,,1,,,,,,,,,,,,,,,,,,,,,,,,,,,,,,,,,,,"mba_feedback_3.pdf, p10"
Taking a technology product from idea to launch,,,,,1,,,,,,,,,,,,,,,,,,,,,,,,,,,,,,,,,,"mba_feedback_3.pdf, p10"
Planned specialization,,,,,,1,,,,,,,,,,,,,,,,,,,,,,,,,,,,,,,,,"mba_feedback_3.pdf, p10"
Sharing economy,,,,,,,,,,,,,,,,,,,,,,,,,,,,,,,,,,,,,,Making consuner goods almost public goods with a price,"mba_feedback_3.pdf, p10"
Technical basics course,,,,,1,,,,,,,,,,,,,,,,,,,,,,,,,,,,,,,,,,"mba_feedback_3.pdf, p11"
Does not teach programming,,,1,,,,,,,,,,,,,,,,,,,,,,,,,,,,,,,,,,,,"mba_feedback_3.pdf, p11"
Taking a technology product from idea to launch,,,,,1,,,,,,,,,,,,,,,,,,,,,,,,,,,,,,,,,,"mba_feedback_3.pdf, p11"
Planned specialization,,,,,,,,,,,,,1,,,,,,,,,,,,,,,,,,,,,,1,,1,,"mba_feedback_3.pdf, p11"
Sharing economy,,,,,,,,,,,,,,,,,,,,,,,,,,,,,,,,,,,,,,,"mba_feedback_3.pdf, p11"
Technical basics course,,,1,,,,,,,,,,,,,,,,,,,,,,,,,,,,,,,,,,,,"mba_feedback_3.pdf, p12"
Does not teach programming,,,1,,,,,,,,,,,,,,,,,,,,,,,,,,,,,,,,,,,,"mba_feedback_3.pdf, p12"
Taking a technology product from idea to launch,,,,,1,,,,,,,,,,,,,,,,,,,,,,,,,,,,,,,,,,"mba_feedback_3.pdf, p12"
Planned specialization,,,,,,1,,,,,,,,,,,,,,,,,,,,,,,,,,,,,,,,,"mba_feedback_3.pdf, p12"
Sharing economy,,,,,,,,,,,,,,,,,,,,,,,,,,,,,,,,,,,,,,Uber,"mba_feedback_3.pdf, p12"
Technical basics course,,,1,,,,,,,,,,,,,,,,,,,,,,,,,,,,,,,,,,,,"mba_feedback_3.pdf, p13"
Does not teach programming,,,1,,,,,,,,,,,,,,,,,,,,,,,,,,,,,,,,,,,,"mba_feedback_3.pdf, p13"
Taking a technology product from idea to launch,,,1,,,,,,,,,,,,,,,,,,,,,,,,,,,,,,,,,,,,"mba_feedback_3.pdf, p13"
Planned specialization,,,,,,,,,,,,,1,,,,,,,,,,,,,,,,1,1,,,,,,1,,,"mba_feedback_3.pdf, p13"
Sharing economy,,,,,,,,,,,,,,,,,,,,,,,,,,,,,,,,,,,,,,"Airbnb, Zipcar","mba_feedback_3.pdf, p13"
Technical basics course,,,1,,,,,,,,,,,,,,,,,,,,,,,,,,,,,,,,,,,,"mba_feedback_3.pdf, p14"
Does not teach programming,,1,1,,,,,,,,,,,,,,,,,,,,,,,,,,,,,,,,,,,,"mba_feedback_3.pdf, p14"
Taking a technology product from idea to launch,,,1,,,,,,,,,,,,,,,,,,,,,,,,,,,,,,,,,,,,"mba_feedback_3.pdf, p14"
Planned specialization,,,,,,,,,,,,,,,,,,,,,,,,,,,,,,,,,,,,1,,,"mba_feedback_3.pdf, p14"
Sharing economy,,,,,,,,,,,,,,,,,,,,,,,,,,,,,,,,,,,,,,Consumers don't need to buy new products/services but rent fro others who have that product service available,"mba_feedback_3.pdf, p14"
Technical basics course,,,1,,,,,,,,,,,,,,,,,,,,,,,,,,,,,,,,,,,,"mba_feedback_3.pdf, p15"
Does not teach programming,,1,1,,,,,,,,,,,,,,,,,,,,,,,,,,,,,,,,,,,,"mba_feedback_3.pdf, p15"
Taking a technology product from idea to launch,,,1,,,,,,,,,,,,,,,,,,,,,,,,,,,,,,,,,,,,"mba_feedback_3.pdf, p15"
Planned specialization,,,,,,,,,,,,,,,,,,,,,,,,,,,,,,,,,,,,1,,,"mba_feedback_3.pdf, p15"
Sharing economy,,,,,,,,,,,,,,,,,,,,,,,,,,,,,,,,,,,,,,Socialism?,"mba_feedback_3.pdf, p15"
Technical basics course,,,1,,,,,,,,,,,,,,,,,,,,,,,,,,,,,,,,,,,,"mba_feedback_3.pdf, p16"
Does not teach programming,,,,1,,,,,,,,,,,,,,,,,,,,,,,,,,,,,,,,,,,"mba_feedback_3.pdf, p16"
Taking a technology product from idea to launch,,,1,,,,,,,,,,,,,,,,,,,,,,,,,,,,,,,,,,,,"mba_feedback_3.pdf, p16"
Planned specialization,,,,,,1,,,,,,,,,,,,,,,,,,,,,,,,,,,,,,,,,"mba_feedback_3.pdf, p16"
Sharing economy,,,,,,,,,,,,,,,,,,,,,,,,,,,,,,,,,,,,,,Sharing different skillsets to achieve a common goal,"mba_feedback_3.pdf, p16"
Technical basics course,,1,1,,,,,,,,,,,,,,,,,,,,,,,,,,,,,,,,,,,,"mba_feedback_3.pdf, p17"
Does not teach programming,,1,1,,,,,,,,,,,,,,,,,,,,,,,,,,,,,,,,,,,,"mba_feedback_3.pdf, p17"
Taking a technology product from idea to launch,,,1,,,,,,,,,,,,,,,,,,,,,,,,,,,,,,,,,,,,"mba_feedback_3.pdf, p17"
Planned specialization,,,,,,,,,,,,,1,,,,,,,,,,,,,,,,,,,,,,,1,,,"mba_feedback_3.pdf, p17"
Sharing economy,,,,,,,,,,,,,,,,,,,,,,,,,,,,,,,,,,,,,,Citi Bike Sharing Program,"mba_feedback_3.pdf, p17"
Technical basics course,,,,,1,,,,,,,,,,,,,,,,,,,,,,,,,,,,,,,,,,"mba_feedback_3.pdf, p18"
Does not teach programming,,,1,,,,,,,,,,,,,,,,,,,,,,,,,,,,,,,,,,,,"mba_feedback_3.pdf, p18"
Taking a technology product from idea to launch,,,1,,,,,,,,,,,,,,,,,,,,,,,,,,,,,,,,,,,,"mba_feedback_3.pdf, p18"
Planned specialization,,,,,,,,,,,,,1,,1,,,,,,,,,,,,,,,,,,,,,,,,"mba_feedback_3.pdf, p18"
Sharing economy,,,,,,,,,,,,,,,,,,,,,,,,,,,,,,,,,,,,,,Something that might work in tne future,"mba_feedback_3.pdf, p18"
Technical basics course,,,1,,,,,,,,,,,,,,,,,,,,,,,,,,,,,,,,,,,,"mba_feedback_3.pdf, p19"
Does not teach programming,,1,,,,,,,,,,,,,,,,,,,,,,,,,,,,,,,,,,,,,"mba_feedback_3.pdf, p19"
Taking a technology product from idea to launch,,,,,1,,,,,,,,,,,,,,,,,,,,,,,,,,,,,,,,,,"mba_feedback_3.pdf, p19"
Planned specialization,,,,,,,,,,,,,1,,1,,,,,,,,,,,,,,,,,,,,,,,,"mba_feedback_3.pdf, p19"
Sharing economy,,,,,,,,,,,,,,,,,,,,,,,,,,,,,,,,,,,,,,Zipcar,"mba_feedback_3.pdf, p19"
Technical basics course,,,1,,,,,,,,,,,,,,,,,,,,,,,,,,,,,,,,,,,,"mba_feedback_3.pdf, p20"
Does not teach programming,,,1,,,,,,,,,,,,,,,,,,,,,,,,,,,,,,,,,,,,"mba_feedback_3.pdf, p20"
Taking a technology product from idea to launch,,,1,,,,,,,,,,,,,,,,,,,,,,,,,,,,,,,,,,,,"mba_feedback_3.pdf, p20"
Planned specialization,,,,,,1,,,,,,,,,,,,,,,,,,,,,,,,,,,,,,,,,"mba_feedback_3.pdf, p20"
Sharing economy,,,,,,,,,,,,,,,,,,,,,,,,,,,,,,,,,,,,,,Shared resources,"mba_feedback_3.pdf, p20"
Technical basics course,1,1,1,,,,,,,,,,,,,,,,,,,,,,,,,,,,,,,,,,,,"mba_feedback_3.pdf, p21"
Does not teach programming,1,1,1,,,,,,,,,,,,,,,,,,,,,,,,,,,,,,,,,,,,"mba_feedback_3.pdf, p21"
Taking a technology product from idea to launch,,,,,1,,,,,,,,,,,,,,,,,,,,,,,,,,,,,,,,,,"mba_feedback_3.pdf, p21"
Planned specialization,,,,,,1,,,,,,,,,,,,,,,,,,,,,,1,,,,,,,1,,,,"mba_feedback_3.pdf, p21"
Sharing economy,,,,,,,,,,,,,,,,,,,,,,,,,,,,,,,,,,,,,,Opportunity,"mba_feedback_3.pdf, p21"
Technical basics course,,,,,1,,,,,,,,,,,,,,,,,,,,,,,,,,,,,,,,,,"mba_feedback_3.pdf, p22"
Does not teach programming,,,,,1,,,,,,,,,,,,,,,,,,,,,,,,,,,,,,,,,,"mba_feedback_3.pdf, p22"
Taking a technology product from idea to launch,,,1,,,,,,,,,,,,,,,,,,,,,,,,,,,,,,,,,,,,"mba_feedback_3.pdf, p22"
Planned specialization,,,,,,1,,,,,,,,,,,,,,,,,,,,,,,,,,,,,,,,,"mba_feedback_3.pdf, p22"
Sharing economy,,,,,,,,,,,,,,,,,,,,,,,,,,,,,,,,,,,,,,econ where ppi share goods,"mba_feedback_3.pdf, p22"
Technical basics course,,1,1,,,,,,,,,,,,,,,,,,,,,,,,,,,,,,,,,,,,"mba_feedback_3.pdf, p23"
Does not teach programming,,,1,,,,,,,,,,,,,,,,,,,,,,,,,,,,,,,,,,,,"mba_feedback_3.pdf, p23"
Taking a technology product from idea to launch,,,1,,,,,,,,,,,,,,,,,,,,,,,,,,,,,,,,,,,,"mba_feedback_3.pdf, p23"
Planned specialization,,,,,,1,,,,,,,1,,,,,,,,,,,,,,,,,,,,,1,,,,,"mba_feedback_3.pdf, p23"
Sharing economy,,,,,,,,,,,,,,,,,,,,,,,,,,,,,,,,,,,,,,"Air BnB, Pospr, Rules Rides, etc.","mba_feedback_3.pdf, p23"
Technical basics course,,,,1,,,,,,,,,,,,,,,,,,,,,,,,,,,,,,,,,,,"mba_feedback_3.pdf, p24"
Does not teach programming,,,,1,,,,,,,,,,,,,,,,,,,,,,,,,,,,,,,,,,,"mba_feedback_3.pdf, p24"
Taking a technology product from idea to launch,,1,,,,,,,,,,,,,,,,,,,,,,,,,,,,,,,,,,,,,"mba_feedback_3.pdf, p24"
Planned specialization,,,,,,,,,,,,,,,,,,,,,,1,,,,,,1,,,,,,,1,,,,"mba_feedback_3.pdf, p24"
Sharing economy,,,,,,,,,,,,,,,,,,,,,,,,,,,,,,,,,,,,,,,"mba_feedback_3.pdf, p24"
Technical basics course,,,1,,,,,,,,,,,,,,,,,,,,,,,,,,,,,,,,,,,,"mba_feedback_3.pdf, p25"
Does not teach programming,,,1,,,,,,,,,,,,,,,,,,,,,,,,,,,,,,,,,,,,"mba_feedback_3.pdf, p25"
Taking a technology product from idea to launch,,,1,,,,,,,,,,,,,,,,,,,,,,,,,,,,,,,,,,,,"mba_feedback_3.pdf, p25"
Planned specialization,,,,,,,,,,,,,,,,,,,,,,1,1,,,,,,,,,,,,,,,,"mba_feedback_3.pdf, p25"
Sharing economy,,,,,,,,,,,,,,,,,,,,,,,,,,,,,,,,,,,,,,"haring resources in a more efficient way (specifically - Zipcar, shared ladder in a building, second hand furnitures)","mba_feedback_3.pdf, p25"
Technical basics course,,,,,1,,,,,,,,,,,,,,,,,,,,,,,,,,,,,,,,,,"mba_feedback_3.pdf, p26"
Does not teach programming,,1,,,,,,,,,,,,,,,,,,,,,,,,,,,,,,,,,,,,,"mba_feedback_3.pdf, p26"
Taking a technology product from idea to launch,,,1,,,,,,,,,,,,,,,,,,,,,,,,,,,,,,,,,,,,"mba_feedback_3.pdf, p26"
Planned specialization,,,,,,1,,,,,,,,,,,,,,,,,,,,,,,,,,,,,,,,,"mba_feedback_3.pdf, p26"
Sharing economy,,,,,,,,,,,,,,,,,,,,,,,,,,,,,,,,,,,,,,nth_,"mba_feedback_3.pdf, p26"
Technical basics course,,,,,1,,,,,,,,,,,,,,,,,,,,,,,,,,,,,,,,,,"mba_feedback_3.pdf, p27"
Does not teach programming,,,1,,,,,,,,,,,,,,,,,,,,,,,,,,,,,,,,,,,,"mba_feedback_3.pdf, p27"
Taking a technology product from idea to launch,,,,,1,,,,,,,,,,,,,,,,,,,,,,,,,,,,,,,,,,"mba_feedback_3.pdf, p27"
Planned specialization,,,,,,,,,,,,,1,,,,,,,,,,,,,,,,,,,,,,,,,,"mba_feedback_3.pdf, p27"
Sharing economy,,,,,,,,,,,,,,,,,,,,,,,,,,,,,,,,,,,,,,,"mba_feedback_3.pdf, p27"
Technical basics course,,,,,1,,,,,,,,,,,,,,,,,,,,,,,,,,,,,,,,,,"mba_feedback_3.pdf, p28"
Does not teach programming,,,1,,,,,,,,,,,,,,,,,,,,,,,,,,,,,,,,,,,,"mba_feedback_3.pdf, p28"
Taking a technology product from idea to launch,,,1,,,,,,,,,,,,,,,,,,,,,,,,,,,,,,,,,,,,"mba_feedback_3.pdf, p28"
Planned specialization,,,,,,,,,,,,,1,,,,,,,1,,,,,,,,,,,,,,,,,,,"mba_feedback_3.pdf, p28"
Sharing economy,,,,,,,,,,,,,,,,,,,,,,,,,,,,,,,,,,,,,,Zipcar,"mba_feedback_3.pdf, p28"
Technical basics course,,,,,1,,,,,,,,,,,,,,,,,,,,,,,,,,,,,,,,,,"mba_feedback_3.pdf, p29"
Does not teach programming,,1,1,,,,,,,,,,,,,,,,,,,,,,,,,,,,,,,,,,,,"mba_feedback_3.pdf, p29"
Taking a technology product from idea to launch,,,1,,,,,,,,,,,,,,,,,,,,,,,,,,,,,,,,,,,,"mba_feedback_3.pdf, p29"
Planned specialization,,,,,,1,,,,,,,1,,,,,,,,,,,,,,,,,,,,,,,1,,,"mba_feedback_3.pdf, p29"
Sharing economy,,,,,,,,,,,,,,,,,,,,,,,,,,,,,,,,,,,,,,,"mba_feedback_3.pdf, p29"
Technical basics course,,,1,,,,,,,,,,,,,,,,,,,,,,,,,,,,,,,,,,,,"mba_feedback_3.pdf, p30"
Does not teach programming,,,1,,,,,,,,,,,,,,,,,,,,,,,,,,,,,,,,,,,,"mba_feedback_3.pdf, p30"
Taking a technology product from idea to launch,,,,,1,,,,,,,,,,,,,,,,,,,,,,,,,,,,,,,,,,"mba_feedback_3.pdf, p30"
Planned specialization,,,,,,1,,,,,,,,,,,,1,,,,,,,,,,,,,,,,1,,,,,"mba_feedback_3.pdf, p30"
Sharing economy,,,,,,,,,,,,,,,,,,,,,,,,,,,,,,,,,,,,,,Launch project,"mba_feedback_3.pdf, p30"
Technical basics course,,,1,,,,,,,,,,,,,,,,,,,,,,,,,,,,,,,,,,,,"mba_feedback_3.pdf, p31"
Does not teach programming,,,1,,,,,,,,,,,,,,,,,,,,,,,,,,,,,,,,,,,,"mba_feedback_3.pdf, p31"
Taking a technology product from idea to launch,,,1,,,,,,,,,,,,,,,,,,,,,,,,,,,,,,,,,,,,"mba_feedback_3.pdf, p31"
Planned specialization,,,,,,1,,,,,,,,,,,,,1,,,,,,,,,,,,,,,,,,,,"mba_feedback_3.pdf, p31"
Sharing economy,,,,,,,,,,,,,,,,,,,,,,,,,,,,,,,,,,,,,,,"mba_feedback_3.pdf, p31"
Technical basics course,,1,1,,,,,,,,,,,,,,,,,,,,,,,,,,,,,,,,,,,,"mba_feedback_3.pdf, p32"
Does not teach programming,,1,,,,,,,,,,,,,,,,,,,,,,,,,,,,,,,,,,,,,"mba_feedback_3.pdf, p32"
Taking a technology product from idea to launch,,,1,,,,,,,,,,,,,,,,,,,,,,,,,,,,,,,,,,,,"mba_feedback_3.pdf, p32"
Planned specialization,,,,,,,,,,,,,1,,1,,,,,,,,,,,,,,,,,,,,,1,,,"mba_feedback_3.pdf, p32"
Sharing economy,,,,,,,,,,,,,,,,,,,,,,,,,,,,,,,,,,,,,,,"mba_feedback_3.pdf, p32"
Technical basics course,,,1,,,,,,,,,,,,,,,,,,,,,,,,,,,,,,,,,,,,"mba_feedback_3.pdf, p33"
Does not teach programming,,,,,1,,,,,,,,,,,,,,,,,,,,,,,,,,,,,,,,,,"mba_feedback_3.pdf, p33"
Taking a technology product from idea to launch,,,,,1,,,,,,,,,,,,,,,,,,,,,,,,,,,,,,,,,,"mba_feedback_3.pdf, p33"
Planned specialization,,,,,,,,,,,,,,,,,,,,,,,,,,,,1,1,,,,,,,,,,"mba_feedback_3.pdf, p33"
Sharing economy,,,,,,,,,,,,,,,,,,,,,,,,,,,,,,,,,,,,,,"Rental, not ownership","mba_feedback_3.pdf, p33"
Technical basics course,,1,1,,,,,,,,,,,,,,,,,,,,,,,,,,,,,,,,,,,,"mba_feedback_3.pdf, p34"
Does not teach programming,,,,1,,,,,,,,,,,,,,,,,,,,,,,,,,,,,,,,,,,"mba_feedback_3.pdf, p34"
Taking a technology product from idea to launch,,,1,,,,,,,,,,,,,,,,,,,,,,,,,,,,,,,,,,,,"mba_feedback_3.pdf, p34"
Planned specialization,,,,,,,,,1,,,,1,,,,,,,,,,,,,,,,,,,,,,,1,,,"mba_feedback_3.pdf, p34"
Sharing economy,,,,,,,,,,,,,,,,,,,,,,,,,,,,,,,,,,,,,,Unsure,"mba_feedback_3.pdf, p34"
Technical basics course,,1,1,,,,,,,,,,,,,,,,,,,,,,,,,,,,,,,,,,,,"mba_feedback_3.pdf, p35"
Does not teach programming,,1,1,,,,,,,,,,,,,,,,,,,,,,,,,,,,,,,,,,,,"mba_feedback_3.pdf, p35"
Taking a technology product from idea to launch,,1,1,,,,,,,,,,,,,,,,,,,,,,,,,,,,,,,,,,,,"mba_feedback_3.pdf, p35"
Planned specialization,,,,,,1,,,,,,,,,,,,,,,,,,,,,,,,,,,,1,,,,,"mba_feedback_3.pdf, p35"
Sharing economy,,,,,,,,,,,,,,,,,,,,,,,,,,,,,,,,,,,,,,,"mba_feedback_3.pdf, p35"
Technical basics course,,,1,,,,,,,,,,,,,,,,,,,,,,,,,,,,,,,,,,,,"mba_feedback_3.pdf, p36"
Does not teach programming,,1,,,,,,,,,,,,,,,,,,,,,,,,,,,,,,,,,,,,,"mba_feedback_3.pdf, p36"
Taking a technology product from idea to launch,,,1,,,,,,,,,,,,,,,,,,,,,,,,,,,,,,,,,,,,"mba_feedback_3.pdf, p36"
Planned specialization,,,,,,,,,,,,,,,,,,,,,,,,,,,,,,,,,,,,,,,"mba_feedback_3.pdf, p36"
Sharing economy,,,,,,,,,,,,,,,,,,,,,,,,,,,,,,,,,,,,,,,"mba_feedback_3.pdf, p36"
Technical basics course,,,1,,,,,,,,,,,,,,,,,,,,,,,,,,,,,,,,,,,,"mba_feedback_3.pdf, p37"
Does not teach programming,,,1,,,,,,,,,,,,,,,,,,,,,,,,,,,,,,,,,,,,"mba_feedback_3.pdf, p37"
Taking a technology product from idea to launch,,,,,1,,,,,,,,,,,,,,,,,,,,,,,,,,,,,,,,,,"mba_feedback_3.pdf, p37"
Planned specialization,,,,,,1,,,,,,,,,,,,1,,,,,,,,,,,,,,,,,,,,,"mba_feedback_3.pdf, p37"
Sharing economy,,,,,,,,,,,,,,,,,,,,,,,,,,,,,,,,,,,,,,AirBnB,"mba_feedback_3.pdf, p37"
Technical basics course,,,1,,,,,,,,,,,,,,,,,,,,,,,,,,,,,,,,,,,,"mba_feedback_3.pdf, p38"
Does not teach programming,,,1,,,,,,,,,,,,,,,,,,,,,,,,,,,,,,,,,,,,"mba_feedback_3.pdf, p38"
Taking a technology product from idea to launch,,,1,,,,,,,,,,,,,,,,,,,,,,,,,,,,,,,,,,,,"mba_feedback_3.pdf, p38"
Planned specialization,,,,,,1,,,,,,,1,,,,,,,,,,,,,,,,,,,,,,,,,,"mba_feedback_3.pdf, p38"
Sharing economy,,,,,,,,,,,,,,,,,,,,,,,,,,,,,,,,,,,,,,"Using the internet to organize shared use of previously independently used items (cars, apartments, etc)","mba_feedback_3.pdf, p38"
Technical basics course,1,1,1,1,,,,,,,,,,,,,,,,,,,,,,,,,,,,,,,,,,,"mba_feedback_4.pdf, p1"
Does not teach programming,,,,1,,,,,,,,,,,,,,,,,,,,,,,,,,,,,,,,,,,"mba_feedback_4.pdf, p1"
Taking a technology product from idea to launch,1,1,1,,,,,,,,,,,,,,,,,,,,,,,,,,,,,,,,,,,,"mba_feedback_4.pdf, p1"
Planned specialization,,,,,,1,,,,,,,,,1,,,,,1,,1,,,,,,,,,,,,,1,,,,"mba_feedback_4.pdf, p1"
Sharing economy,,,,,,,,,,,,,,,,,,,,,,,,,,,,,,,,,,,,,,"Zipcar, AirBnB","mba_feedback_4.pdf, p1"
Technical basics course,,,1,,,,,,,,,,,,,,,,,,,,,,,,,,,,,,,,,,,,"mba_feedback_4.pdf, p2"
Does not teach programming,,,,,1,,,,,,,,,,,,,,,,,,,,,,,,,,,,,,,,,,"mba_feedback_4.pdf, p2"
Taking a technology product from idea to launch,,1,1,,,,,,,,,,,,,,,,,,,,,,,,,,,,,,,,,,,,"mba_feedback_4.pdf, p2"
Planned specialization,,,,,,,,,,,,,1,,,,,,,,,1,,,,,,,1,1,,,,,,,,,"mba_feedback_4.pdf, p2"
Sharing economy,,,,,,,,,,,,,,,,,,,,,,,,,,,,,,,,,,,,,,"Lyft, AirBnB, a buzz pharse that is over-hyped. A fad in the tech world that will last but not be as sexy as it is now. (not interested in a tech course . . . . .","mba_feedback_4.pdf, p2"
Technical basics course,,1,1,,,,,,,,,,,,,,,,,,,,,,,,,,,,,,,,,,,,"mba_feedback_4.pdf, p3"
Does not teach programming,,,,,1,,,,,,,,,,,,,,,,,,,,,,,,,,,,,,,,,,"mba_feedback_4.pdf, p3"
Taking a technology product from idea to launch,,1,1,,,,,,,,,,,,,,,,,,,,,,,,,,,,,,,,,,,,"mba_feedback_4.pdf, p3"
Planned specialization,,,,,,1,,,,,,,1,,,,,,,,,,,1,,,,,,,,,,,,,,,"mba_feedback_4.pdf, p3"
Sharing economy,,,,,,,,,,,,,,,,,,,,,,,,,,,,,,,,,,,,,,Business that allows customers to pay in order to share assets,"mba_feedback_4.pdf, p3"
Technical basics course,,1,1,,,,,,,,,,,,,,,,,,,,,,,,,,,,,,,,,,,,"mba_feedback_4.pdf, p4"
Does not teach programming,1,1,1,,,,,,,,,,,,,,,,,,,,,,,,,,,,,,,,,,,,"mba_feedback_4.pdf, p4"
Taking a technology product from idea to launch,,1,1,,,,,,,,,,,,,,,,,,,,,,,,,,,,,,,,,,,,"mba_feedback_4.pdf, p4"
Planned specialization,,,,,,,,,,,,,,,,,,,,,,,,,,,,,1,,,,,,1,,,,"mba_feedback_4.pdf, p4"
Sharing economy,,,,,,,,,,,,,,,,,,,,,,,,,,,,,,,,,,,,,,"Airbnb, craiglist","mba_feedback_4.pdf, p4"
Technical basics course,,,1,,,,,,,,,,,,,,,,,,,,,,,,,,,,,,,,,,,,"mba_feedback_4.pdf, p5"
Does not teach programming,,,1,,,,,,,,,,,,,,,,,,,,,,,,,,,,,,,,,,,,"mba_feedback_4.pdf, p5"
Taking a technology product from idea to launch,,1,,,,,,,,,,,,,,,,,,,,,,,,,,,,,,,,,,,,,"mba_feedback_4.pdf, p5"
Planned specialization,,,,,,1,,,,,,,,,,,,,1,,,,,,,,,,1,,,,,,,,,,"mba_feedback_4.pdf, p5"
Sharing economy,,,,,,,,,,,,,,,,,,,,,,,,,,,,,,,,,,,,,,,"mba_feedback_4.pdf, p5"
Technical basics course,,,1,,,,,,,,,,,,,,,,,,,,,,,,,,,,,,,,,,,,"mba_feedback_4.pdf, p6"
Does not teach programming,1,1,,,,,,,,,,,,,,,,,,,,,,,,,,,,,,,,,,,,,"mba_feedback_4.pdf, p6"
Taking a technology product from idea to launch,,,1,,,,,,,,,,,,,,,,,,,,,,,,,,,,,,,,,,,,"mba_feedback_4.pdf, p6"
Planned specialization,,,,,,,,,,,,,,,,,,,,,,,,,,,,,,,,,,,,,,,"mba_feedback_4.pdf, p6"
Sharing economy,,,,,,,,,,,,,,,,,,,,,,,,,,,,,,,,,,,,,,"Airbnb, car-sharing","mba_feedback_4.pdf, p6"
Technical basics course,,,,,1,,,,,,,,,,,,,,,,,,,,,,,,,,,,,,,,,,"mba_feedback_4.pdf, p7"
Does not teach programming,,,,,1,,,,,,,,,,,,,,,,,,,,,,,,,,,,,,,,,,"mba_feedback_4.pdf, p7"
Taking a technology product from idea to launch,,,,1,,,,,,,,,,,,,,,,,,,,,,,,,,,,,,,,,,,"mba_feedback_4.pdf, p7"
Planned specialization,,,,,,,,,,,,,,,,,,,,,,,,,,,,,,,,,,,,1,,,"mba_feedback_4.pdf, p7"
Sharing economy,,,,,,,,,,,,,,,,,,,,,,,,,,,,,,,,,,,,,,Not sure to which extent it will work in developed countries,"mba_feedback_4.pdf, p7"
Technical basics course,,1,1,,,,,,,,,,,,,,,,,,,,,,,,,,,,,,,,,,,,"mba_feedback_4.pdf, p8"
Does not teach programming,,,1,,,,,,,,,,,,,,,,,,,,,,,,,,,,,,,,,,,,"mba_feedback_4.pdf, p8"
Taking a technology product from idea to launch,,,1,,,,,,,,,,,,,,,,,,,,,,,,,,,,,,,,,,,,"mba_feedback_4.pdf, p8"
Planned specialization,,,,,,1,,,,,,,1,1,,,,,,,,,,,,,,,,,,,,,,,,,"mba_feedback_4.pdf, p8"
Sharing economy,,,,,,,,,,,,,,,,,,,,,,,,,,,,,,,,,,,,,,,"mba_feedback_4.pdf, p8"
Technical basics course,,1,1,,,,,,,,,,,,,,,,,,,,,,,,,,,,,,,,,,,,"mba_feedback_4.pdf, p9"
Does not teach programming,,,,,1,,,,,,,,,,,,,,,,,,,,,,,,,,,,,,,,,,"mba_feedback_4.pdf, p9"
Taking a technology product from idea to launch,,,1,,,,,,,,,,,,,,,,,,,,,,,,,,,,,,,,,,,,"mba_feedback_4.pdf, p9"
Planned specialization,,,,,,,,,,,,,,,,,,,,,,,,,,,,,,,,,,,,,,,"mba_feedback_4.pdf, p9"
Sharing economy,,,,,,,,,,,,,,,,,,,,,,,,,,,,,,,,,,,,,,,"mba_feedback_4.pdf, p9"
Technical basics course,,,,1,,,,,,,,,,,,,,,,,,,,,,,,,,,,,,,,,,,"mba_feedback_4.pdf, p10"
Does not teach programming,,,,1,,,,,,,,,,,,,,,,,,,,,,,,,,,,,,,,,,,"mba_feedback_4.pdf, p10"
Taking a technology product from idea to launch,,,,1,,,,,,,,,,,,,,,,,,,,,,,,,,,,,,,,,,,"mba_feedback_4.pdf, p10"
Planned specialization,,,,,,,,,,,,,1,,,,,,,,,,,,,,,,,,1,,,,,,,,"mba_feedback_4.pdf, p10"
Sharing economy,,,,,,,,,,,,,,,,,,,,,,,,,,,,,,,,,,,,,,AirBNB,"mba_feedback_4.pdf, p10"
Technical basics course,,1,,,,,,,,,,,,,,,,,,,,,,,,,,,,,,,,,,,,,"mba_feedback_4.pdf, p11"
Does not teach programming,,,1,,,,,,,,,,,,,,,,,,,,,,,,,,,,,,,,,,,,"mba_feedback_4.pdf, p11"
Taking a technology product from idea to launch,,,1,,,,,,,,,,,,,,,,,,,,,,,,,,,,,,,,,,,,"mba_feedback_4.pdf, p11"
Planned specialization,,,,,,,,,,,,,,,,1,,,,,,,,,,,,,,,,,,,,,,,"mba_feedback_4.pdf, p11"
Sharing economy,,,,,,,,,,,,,,,,,,,,,,,,,,,,,,,,,,,,,,Power drills and citi bikes,"mba_feedback_4.pdf, p11"
Technical basics course,,,1,,,,,,,,,,,,,,,,,,,,,,,,,,,,,,,,,,,,"mba_feedback_4.pdf, p12"
Does not teach programming,1,,,,,,,,,,,,,,,,,,,,,,,,,,,,,,,,,,,,,,"mba_feedback_4.pdf, p12"
Taking a technology product from idea to launch,,,,,1,,,,,,,,,,,,,,,,,,,,,,,,,,,,,,,,,,"mba_feedback_4.pdf, p12"
Planned specialization,,,,,,1,,,,,,,,,,,,1,,,,,,,,,,,,,,,,1,,,,,"mba_feedback_4.pdf, p12"
Sharing economy,,,,,,,,,,,,,,,,,,,,,,,,,,,,,,,,,,,,,,AirBnB?,"mba_feedback_4.pdf, p12"
Technical basics course,,,1,,,,,,,,,,,,,,,,,,,,,,,,,,,,,,,,,,,,"mba_feedback_4.pdf, p13"
Does not teach programming,,,,,1,,,,,,,,,,,,,,,,,,,,,,,,,,,,,,,,,,"mba_feedback_4.pdf, p13"
Taking a technology product from idea to launch,,,,,1,,,,,,,,,,,,,,,,,,,,,,,,,,,,,,,,,,"mba_feedback_4.pdf, p13"
Planned specialization,,,,,,1,,,,,,,,,,,,,,,,,,,,,,,1,,,,,,,,,,"mba_feedback_4.pdf, p13"
Sharing economy,,,,,,,,,,,,,,,,,,,,,,,,,,,,,,,,,,,,,,Air BnB,"mba_feedback_4.pdf, p13"
Technical basics course,1,1,1,1,,,,,,,,,,,,,,,,,,,,,,,,,,,,,,,,,,,"mba_feedback_4.pdf, p14"
Does not teach programming,1,1,1,,,,,,,,,,,,,,,,,,,,,,,,,,,,,,,,,,,,"mba_feedback_4.pdf, p14"
Taking a technology product from idea to launch,1,1,1,,,,,,,,,,,,,,,,,,,,,,,,,,,,,,,,,,,,"mba_feedback_4.pdf, p14"
Planned specialization,,,,,,1,,,1,,,,,,1,,,,,,,,,,,,,,,,,,,,,,,,"mba_feedback_4.pdf, p14"
Sharing economy,,,,,,,,,,,,,,,,,,,,,,,,,,,,,,,,,,,,,,Citibikes! And Lyft! And airbnb! The future,"mba_feedback_4.pdf, p14"
Technical basics course,,,1,,,,,,,,,,,,,,,,,,,,,,,,,,,,,,,,,,,,"mba_feedback_4.pdf, p15"
Does not teach programming,,,,,1,,,,,,,,,,,,,,,,,,,,,,,,,,,,,,,,,,"mba_feedback_4.pdf, p15"
Taking a technology product from idea to launch,,,,,1,,,,,,,,,,,,,,,,,,,,,,,,,,,,,,,,,,"mba_feedback_4.pdf, p15"
Planned specialization,,,,,,1,,,,,,,,,,,,,,,,,,,,,,,,,,,,1,,,,,"mba_feedback_4.pdf, p15"
Sharing economy,,,,,,,,,,,,,,,,,,,,,,,,,,,,,,,,,,,,,,It is a buzzowrd for learning,"mba_feedback_4.pdf, p15"
Technical basics course,,,1,,,,,,,,,,,,,,,,,,,,,,,,,,,,,,,,,,,,"mba_feedback_4.pdf, p16"
Does not teach programming,,1,,,,,,,,,,,,,,,,,,,,,,,,,,,,,,,,,,,,,"mba_feedback_4.pdf, p16"
Taking a technology product from idea to launch,,,1,,,,,,,,,,,,,,,,,,,,,,,,,,,,,,,,,,,,"mba_feedback_4.pdf, p16"
Planned specialization,,,,,,1,,,,,,,1,,,,,,,,,,,,,,,,1,,,,,,,1,,,"mba_feedback_4.pdf, p16"
Sharing economy,,,,,,,,,,,,,,,,,,,,,,,,,,,,,,,,,,,,,,An economic system based on shared resources with the use technologies/communities,"mba_feedback_4.pdf, p16"
Technical basics course,,,1,,,,,,,,,,,,,,,,,,,,,,,,,,,,,,,,,,,,"mba_feedback_4.pdf, p17"
Does not teach programming,,1,1,,,,,,,,,,,,,,,,,,,,,,,,,,,,,,,,,,,,"mba_feedback_4.pdf, p17"
Taking a technology product from idea to launch,,1,,,,,,,,,,,,,,,,,,,,,,,,,,,,,,,,,,,,,"mba_feedback_4.pdf, p17"
Planned specialization,,,,,,1,,,,,,,1,,,,,,,,,,,,,,,,,,,,,,,1,,,"mba_feedback_4.pdf, p17"
Sharing economy,,,,,,,,,,,,,,,,,,,,,,,,,,,,,,,,,,,,,,Cloud,"mba_feedback_4.pdf, p17"
Technical basics course,,,,,1,,,,,,,,,,,,,,,,,,,,,,,,,,,,,,,,,,"mba_feedback_4.pdf, p18"
Does not teach programming,,,,,1,,,,,,,,,,,,,,,,,,,,,,,,,,,,,,,,,,"mba_feedback_4.pdf, p18"
Taking a technology product from idea to launch,,,,,1,,,,,,,,,,,,,,,,,,,,,,,,,,,,,,,,,,"mba_feedback_4.pdf, p18"
Planned specialization,,,,,,1,,1,,,,,,,,,,,,,,,,,,,,,,,,,,1,,,,,"mba_feedback_4.pdf, p18"
Sharing economy,,,,,,,,,,,,,,,,,,,,,,,,,,,,,,,,,,,,,,,"mba_feedback_4.pdf, p18"
Technical basics course,,,1,,,,,,,,,,,,,,,,,,,,,,,,,,,,,,,,,,,,"mba_feedback_4.pdf, p19"
Does not teach programming,,,1,,,,,,,,,,,,,,,,,,,,,,,,,,,,,,,,,,,,"mba_feedback_4.pdf, p19"
Taking a technology product from idea to launch,1,1,1,,,,,,,,,,,,,,,,,,,,,,,,,,,,,,,,,,,,"mba_feedback_4.pdf, p19"
Planned specialization,,,,,,1,,,,,,,,,,,,,,,,,,,,,,,1,,,,,,,,,,"mba_feedback_4.pdf, p19"
Sharing economy,,,,,,,,,,,,,,,,,,,,,,,,,,,,,,,,,,,,,,Democratization of resources,"mba_feedback_4.pdf, p19"
Technical basics course,,,1,,,,,,,,,,,,,,,,,,,,,,,,,,,,,,,,,,,,"mba_feedback_4.pdf, p20"
Does not teach programming,,,1,,,,,,,,,,,,,,,,,,,,,,,,,,,,,,,,,,,,"mba_feedback_4.pdf, p20"
Taking a technology product from idea to launch,,,1,,,,,,,,,,,,,,,,,,,,,,,,,,,,,,,,,,,,"mba_feedback_4.pdf, p20"
Planned specialization,,,,,,1,,,,,,,,,,,,,,,,,,,,,,,,,,,,,1,,,,"mba_feedback_4.pdf, p20"
Sharing economy,,,,,,,,,,,,,,,,,,,,,,,,,,,,,,,,,,,,,,Internet enabled devices,"mba_feedback_4.pdf, p20"
Technical basics course,,,,,1,,,,,,,,,,,,,,,,,,,,,,,,,,,,,,,,,,"mba_feedback_4.pdf, p21"
Does not teach programming,,,,,1,,,,,,,,,,,,,,,,,,,,,,,,,,,,,,,,,,"mba_feedback_4.pdf, p21"
Taking a technology product from idea to launch,,,,,1,,,,,,,,,,,,,,,,,,,,,,,,,,,,,,,,,,"mba_feedback_4.pdf, p21"
Planned specialization,,,,,,1,,,,,,,,,,,,,,,,,,,,,,,,,,,,,,,,,"mba_feedback_4.pdf, p21"
Sharing economy,,,,,,,,,,,,,,,,,,,,,,,,,,,,,,,,,,,,,,Communism,"mba_feedback_4.pdf, p21"
Technical basics course,,,1,,,,,,,,,,,,,,,,,,,,,,,,,,,,,,,,,,,,"mba_feedback_4.pdf, p22"
Does not teach programming,,,1,,,,,,,,,,,,,,,,,,,,,,,,,,,,,,,,,,,,"mba_feedback_4.pdf, p22"
Taking a technology product from idea to launch,,,1,,,,,,,,,,,,,,,,,,,,,,,,,,,,,,,,,,,,"mba_feedback_4.pdf, p22"
Planned specialization,,,,,,1,,,,,,,1,,,,,,,,,,,,,,,,,,,,,,,,,,"mba_feedback_4.pdf, p22"
Sharing economy,,,,,,,,,,,,,,,,,,,,,,,,,,,,,,,,,,,,,,"Hopefully the future of humanity - much more efficient use of assets. Uber/Lyft, AitBnB, Citibike","mba_feedback_4.pdf, p22"